"","competitorID","name"
"1","173261","Eric Wilson"
"2","175174","Sean Kelly"
"3","173261","Eric Wilson"
"4","155581","Domenic Bove"
"5","180483","david lapier"
"6","182841","Claire Dennis"
"7","138204","Simon Bell"
"8","173670","James Vernon"
"9","152201","jean duler"
"10","189740","Richard Leland"
"11","171638","Nick Burke"
"12","172450","Doug Cefali"
"13","189741","Thomas Kloumann"
"14","162521","Mike Scott"
"15","181838","Steve Hendricks"
"16","187394","Walt Spevak"
"17","173193","John MacElwee"
"18","151876","Garrett Torok"
"19","158677","Daniel Thompson"
"20","165073","Kaitlyn Baab"
"21","173200","Mariana Sosa Cordero"
"22","156612","Justin Lewandowski"
"23","170673","James Liebl"
"24","181279","Robert Dudenhoefer"
"25","181271","sarah lihan"
"26","184519","Niklas Anderson"
"27","185863","Colin Smith"
"28","185868","Patrick Rynne"
"29","188652","TRAVIS OUELLETTE"
"30","188670","Phillip Alley"
"31","188672","David Hernandez"
"32","188678","Andrew Fox"
"33","189815","Zeke Horowitz"
"34","191493","luke lawrence"
"35","181169","erick fields"
"36","181839","Michelle Davis"
"37","170654","Donna Steele"
"38","180734","Alden Spencer"
"39","140468","Horst Abraham"
"40","186535","Phillip Mazzie"
"41","175228","Vladimir Butenko"
"42","185888","Alan McNab"
"43","155477","Will Lowe"
"44","166973","Ryan Gorsiski"
"45","195649","Scott Young"
"46","170779","Brad Winslett"
"47","159089","Bruce Martinson"
"48","149482","Doug Peckover"
"49","171032","James Freedman"
"50","161116","Max Hardage"
"51","175082","Charlie Smythe"
"52","162148","Anthony Hudson"
"53","171058","Mark Hulings"
"54","169816","Pat Huchins"
"55","162453","Renee Ruais"
"56","156852","Steve Keckler"
"57","175002","Fred Schroth"
"58","188139","Bill Mitchell"
"59","160179","Pat Gibson"
"60","169351","Mark Eldred"
"61","175125","Bo Harris"
"62","170658","Steve Ehlers"
"63","174020","Eric Faust"
"64","181275","Doug Kern"
"65","115239","Pierre Bossart"
"66","187677","Luke Holmes"
"67","187154","Cait Taylor"
"68","169516","Marshall Woodson"
"69","113062","Dave Maguire"
"70","181157","Mike Mashl"
"71","167261","Billy Eno"
"72","172091","Jody Smith"
"73","100717","John Flato"
"74","189827","Scott Bryan"
"75","138699","Greg Nunn"
"76","171314","Stephen Bourdow"
"77","176124","Peter Phelan"
"78","171007","Tracy Usher"
"79","185557","Peter Vessella"
"80","173666","Mike Bishop"
"81","177175","Bill Symes"
"82","153021","Chris Boome"
"83","182870","Drake Jensen"
"84","179426","Stephen Orosz"
"85","185526","Tony Dahlman"
"86","194041","Mark Halman"
"87","194498","Alexander Heinzemann"
"88","161055","Mike Simms"
"89","190193","Simon Schmitt"
"90","182367","Mark Bugiak"
"91","181172","Eric Tulk"
"92","188934","Brady Cook"
"93","194288","Doug Bell"
"94","168279","Evan Mah"
"95","182775","Bill Plaxton"
"96","179815","David Baker"
"97","167514","Barry Tee"
"98","173667","Phil Paxton"
"99","188874","David Elliott"
"100","189137","Jim Campbell"
"101","185941","Duncan Cook"
"102","162333","Ian Hern"
"103","187520","Dave Stroppel"
"104","195647","Dave Murray"
"105","188995","Thom Stubbs"
"106","173723","Graerne Strathdee"
"107","186546","Stephen Nelson"
"108","181854","David Morgan"
"109","178196","Haramitsu Yamamoto"
"110","162179","Trey Hartman"
"111","175581","Ryan Minth"
"112","185837","Charles White"
"113","182941","Jack Hattendorf"
"114","1643116","Roy Jacques"
"115","148966","John Walker"
"116","193281","Mike Matan"
"117","170791","Michael Collins"
"118","162142","Collin Leon"
"119","162028","Christian Cremer"
"120","166044","Spencer Olsson"
"121","162020","Ted Cremer"
"122","173257","M. Byrnes"
"123","191955","Lindsay Hewitt"
"124","114284","Ward Brooks"
"125","173963","R. Martinez"
"126","173703","D. Desmond"
"127","166844","Jim Olsson"
"128","159951","Peter Hurley"
"129","194063","Glen Dickson"
"130","177137","Ian Sutherland"
"131","172727","Had Brick"
"132","191967","Mike Hecky"
"133","181782","David Watts"
"134","178838","Eri Reitinger"
"135","186561","Matthew Smith"
"136","167233","Mie Reynolds"
"137","185512","Mike Russom"
"138","152045","Dave Breder"
"139","161057","Chris Bowne"
"140","165147","Don Hahl"
"141","181850","Tyler Menninger"
"142","177997","Trevor Prior"
"143","189710","Will Joumas"
"144","184537","Blair Davis"
"145","179445","Tom Kalaman"
"146","192868","Hans Bonn"
"147","194060","Ian Sanderson"
"148","194511","Evan Lewis"
"149","187701","Gregory Clunies"
"150","190230","Robert Davis"
"151","182879","Alexander Palmeter"
"152","181690","Paul Brikis"
"153","184440","Carlisle Norwood"
"154","182790","Karl Michell"
"155","188978","Dan MacMillan"
"156","185458","Geoff Beck"
"157","180573","Ross Porter"
"158","193337","Fraser Wells"
"159","170052","Gerry Giffin"
"160","193353","Benjamin Dexter"
"161","162396","Bryant Wood"
"162","183740","Anthony Ford"
"163","167188","Simon Rees"
"164","116284","Jim Schwartz"
"165","182430","Bob Crinion"
"166","181723","Derick Vranizan"
"167","189008","Brendan Casey"
"168","189001","Micheal Kalin"
"169","187162","Ricardo Montemayor"
"170","161157","Marc Jux"
"171","173245","Philip Lozier"
"172","188104","Elliot Drake"
"173","182373","Kyle Martin"
"174","192097","Phillip Round"
"175","170000","Yanic Gentry"
"176","168393","Sascha Smutny"
"177","183912","Cody Shevitz"
"178","188684","Alexandre Mineev"
"179","172076","Peter Jesberg"
"180","178872","Tony Martin"
"181","175068","Pat Taylor"
"182","183741","Joe Burcar"
"183","194597","John Purdy"
"184","200001","Jake Muhleman"
"185","158005","Nicholas Place"
"186","176213","Jamie Moran"
"187","173173","Charles Williamson"
"188","200002","AJ Murphy"
"189","171002","Richard Wait"
"190","200003","Thomas Shaw"
"191","200004","Max Buzzell"
"192","200006","Justin Reisch"
"193","200007","Marcus Costich"
"194","200008","Alex Grassl"
"195","134908","Nick Balta"
"196","170757","Luke Miller"
"197","173173","Joe Miller"
"198","200009","Peter Fleckenstein"
"199","200010","Kirk Reynolds"
"200","176213","Merritt Moran"
"201","176989","Peter Bushnell"
"202","200011","Jared Shepard"
"203","200012","Colin Lange"
"204","194611","Vaughn Harrison"
"205","172112","Kyle Dakin"
"206","152090","Ray Davies"
"207","187740","Andy Roy"
"208","182029","Gordon Lamphere"
"209","191584","Tom Ramshaw"
"210","187731","Evert McLaughlin"
"211","190245","Tyler Woodbury"
"212","187840","Justin Norton"
"213","191574","Matthew Ryder"
"214","187651","Matt Gilbert"
"215","188695","Ian Hill"
"216","187250","Nick Kim"
"217","190220","Iain Wilson"
"218","187735","Joe Van Rossem"
"219","187147","Daniel Barry"
"220","190281","David Mori"
"221","187196","Neil Roberts"
"222","PUR174311","Francisco Medina"
"223","173995","Jose Soler"
"224","188956","PATRICK CAROLUS"
"225","179194","Raul Aguayo"
"226","174311","Francisco Medina"
"227","127894","Christopher Cilliers"
"228","169513","Andrew Phillips"
"229","171005","Adrian Pereira"
"230","158692","Gramme Guy"
"231","175015","Brian Wynne"
"232","154157","Ken Robinson"
"233","185955","Karl  Kleinschrodt [Open]"
"234","151007","Rob Garrison [Apprentice Master]"
"235","195490","Eric Oetgen [Apprentice Master]"
"236","169575","Mark Bear [Master]"
"237","194508","John MacCausland [Master]"
"238","173969","Alexander Meller [Master]"
"239","160195","Greg Tawaststjerna [Master]"
"240","195425","Peter Shope [Master]"
"241","197104","Mike Hecky [Master]"
"242","188109","Fred  Schroth [Grand Master]"
"243","175881","James Jacob [Master]"
"244","154411","Blaine McCleskey [Apprentice Master]"
"245","190236","Robby Wilkins [Master]"
"246","121384","Mike Schmidt [Master]"
"247","188671","Jeff Fullerton [Master]"
"248","188974","martine zurinskas [Apprentice Master]"
"249","188649","Pierre Jasmin [Master]"
"250","192054","Peter Gamble [Master]"
"251","189803","Bill Mergenthaler [Master]"
"252","177311","John Bentley [Grand Master]"
"253","187866","Ben Hagood [Master]"
"254","179175","Jerry Callahan [Master]"
"255","191920","Michael Carlson [Apprentice Master]"
"256","175022","Tim Marshall [Master]"
"257","191963","David Hillmyer [Apprentice Master]"
"258","185539","Edward Nowell [Master]"
"259","194520","David Sliom [Master]"
"260","188861","Steven Lopez [Master]"
"261","191581","John Poulson [Apprentice Master]"
"262","136750","Mark Marenakos [Master]"
"263","178857","Adam Glass [Grand Master]"
"264","187822","Butch Mumma [Master]"
"265","184547","Eric Robbins [Grand Master]"
"266","177383","Chris Vann [Grand Master]"
"267","148688","Robert Key [Master]"
"268","151860","Rich Parolski [Great Grand Master]"
"269","150929","randy lenz [Master]"
"270","190624","Joel Lambinus [Grand Master]"
"271","194547","Jeffrey Caruso [Master]"
"272","191981","Chip Whitesides [Grand Master]"
"273","172075","Ashley Byrd [Master]"
"274","182399","Tim Landt [Master]"
"275","187978","Vilhelm Roberts [Master]"
"276","197567","John Potter [Master]"
"277","182806","Martin Willard [Master]"
"278","161100","David Frazier [Grand Master]"
"279","174261","David Powell [Master]"
"280","180079","Leigh Savage [Master]"
"281","189788","Matthew Doherty [Master]"
"282","170776","Gary Orkney [Grand Master]"
"283","168380","Ed Marks [Master]"
"284","187741","Tip Clifton [Master]"
"285","181118","lenny krawcheck [Great Grand Master]"
"286","183879","karen long [Master]"
"287","195650","Keith Zars [Great Grand Master]"
"288","170699","Christian Koppernaes [Master]"
"289","179997","Andy Culver [Apprentice Master]"
"290","152203","Dave Watt"
"291","177163","David Brink"
"292","175236","Alexis Aird"
"293","181183","Miles Mcfall"
"294","174980","Stephen Van Dyck"
"295","196118","Henry Drotning"
"296","155558","James Mackey"
"297","197053","Al Clark"
"298","197523","Vaughn Harrison"
"299","188187","Kevin Shockey"
"300","197561","Tom Ramshaw"
"301","168196","Matt Woodworth"
"302","185418","John Shockey"
"303","187640","Ben Leibowitz"
"304","185419","Timothy Zacher"
"305","195942","Olin Paine"
"306","190226","Terry Neilson"
"307","197565","Sam Fuller"
"308","190047","Rob Hemming"
"309","187733","Paul Throop"
"310","188924","Viktor Wettergren"
"311","190462","Kyle Swenson"
"312","198382","Thomas Roehrl"
"313","192936","Dominic Fritz"
"314","192051","Michael Bradley"
"315","193322","Harumitsu Yamamoto"
"316","193297","Ryan Belfrage"
"317","193365","Robert Pickens"
"318","193298","Aiden Belfrage"
"319","187723","David Poquette"
"320","190164","Kyle Ross"
"321","175224","Jim Costakis"
"322","191926","David Cormack"
"323","196042","Aaron Stonehouse"
"324","189658","Lewis Oteruelo"
"325","190473","Brian Firth"
"326","179491","Andrew Aronson"
"327","194593","Nicolas Hamel"
"328","172473","Philip Gordon"
"329","180484","Erik Ahlquist"
"330","176980","Terry McMahon"
"331","187371","Ben Jassin"
"332","186958","Ilia Rudnitskiy"
"333","177359","Michael Blumberg"
"334","196008","Zachary Dunn"
"335","183847","Sean Lennon"
"336","173944","Ben Roy"
"337","189819","Michael Schalka"
"338","197055","Kyle Martin"
"339","170756","Lars Hansen"
"340","196157","Roman Plutenko"
"341","190284","Michael Schmid"
"342","176078","Rick Strilky"
"343","168237","Matthew Thompson"
"344","175529","Paul Wurtzebach"
"345","198003","Steve Dolan"
"346","181896","Emil Cedergardh"
"347","197120","Lee Parkhill"
"348","194714","Simon Groteluschen"
"349","189020","Jesper Stalheim"
"350","197422","Michael Leigh"
"351","196836","Clay Johnson"
"352","181944","Ivan Taritas"
"353","193501","Paul Goodison"
"354","192313","Malte Kamrath"
"355","197265","Frederick Vranizan"
"356","192602","James Espey"
"357","192592","Kristian Ruth"
"358","194531","Johan Wigforss"
"359","181161","Rasmus Myrgren"
"360","192384","Juan Ignacio Maegli"
"361","182345","Charlie Buckingham"
"362","176739","Yuval Botzer"
"363","194533","Andreas Geritzer"
"364","187530","Christian Steiger"
"365","194603","Jeronimo Belaustegulgoitia"
"366","188835","Cameron Cullman"
"367","155520","Thomas Barrows"
"368","195495","John Bertrand"
"369","195930","Robert Davis"
"370","184013","David Jonsson"
"371","194015","Rob Crane"
"372","196139","Tracy Usher"
"373","188709","Jon Andron"
"374","167444","Sean McBurney"
"375","173931","Martin Hartmanis"
"376","195948","Ryan Nelson"
"377","183898","Charlie Buckingham"
"378","195959","Doug Seeman"
"379","152211","Packy Davis"
"380","184451","Peter Holz"
"381","187369","Ian Beihl"
"382","183891","Eric Anderson"
"383","177712","Timothy Siemers"
"384","187686","Grant Pollock"
"385","154404","Mike Kanare"
"386","148754","Samantha Foulston"
"387","168229","Nick Baumgard"
"388","196075","Sean Burke"
"389","192893","Clark Phelps"
"390","190374","John Wallace"
"391","192939","Adrian Pereira"
"392","101988","Zeke Stevens"
"393","195708","Doug Peckover"
"394","195888","Brad Winslett"
"395","195457","Trey Hartman"
"396","188149","Greg Martinez"
"397","192923","Eric Faust"
"398","158922","Frank Beling"
"399","153064","Jon Larson"
"400","197038","Sipke Schuurmans"
"401","162451","Gray Reckley"
"402","153069","Chris Wainwright"
"403","157858","Roy Shaw"
"404","187678","Richard Walford"
"405","192079","Ben Leibowitz"
"406","184619","Max  FRASER"
"407","164243","Kieron Kavanagh"
"408","191555","Paul Foley"
"409","162032","Alexander 'Zan' Drejes"
"410","194053","Michael  Kraft"
"411","183756","Ryan Bailey"
"412","198342","joseph Paggi"
"413","189804","Austin Neuman"
"414","194056","Trey Hartman"
"415","154478","Clinton Trammell"
"416","150615","Greg Dorflinger"
"417","775884","Dan Rohde"
"418","198567","John Potter"
"419","195600","Charles Usher"
"420","172094","J.T. Hughes"
"421","189774","Finn Hassing"
"422","181204","Richard Akers"
"423","166123","Leonard Wells"
"424","177240","George Post"
"425","186522","Simon Jenkins"
"426","175140","Lee Edwards"
"427","181092","Erik McCaffrey"
"428","187813","Nicholas La Chance"
"429","148043","Jacob Martz"
"430","181173","Jonathan Braese"
"431","125245","Thomas Safford"
"432","155381","Andy Beckmann"
"433","168530","Ben Zorfas"
"434","183904","Brian Leaver"
"435","172080","Armando Garbero"
"436","110282","Paul Revere III"
"437","185850","Richard Bavington"
"438","180497","Norman MacLean"
"439","178597","Michael Healy"
"440","175210","Chris Aitken"
"441","190375","Stewart Roach Roach"
"442","159055","Richard Martone"
"443","176058","TONY  PRIZZI JR."
"444","155211","Will Tyner [Open]"
"445","179192","Camden Simon [Open]"
"446","196185","Andrew Bell"
"447","178598","James Sinclair"
"448","183811","Michael Giacomantonio"
"449","136829","Daniel Morris"
"450","188650","David Alfonso"
"451","194249","Collin Leon"
"452","173237","Brian Fisher"
"453","175520","Brian Raney"
"454","190428","Daniel DelBello"
"455","187277","Matthew Sullivan"
"456","190258","Dylan Finneran"
"457","177297","Reid P Secondo"
"458","183826","Bob Tan"
"459","189797","Joseph Lepis"
"460","182860","Luke Shingledecker"
"461","177203","Joseph Paggi"
"462","195428","Lindsay Hewitt"
"463","175541","James Barry"
"464","116812","Andrew Cremer"
"465","173634","Donald  Woodworth"
"466","182388","Macklin  Fluehr"
"467","190432","Eric Stickney"
"468","194532","ChrisÂ Alexander"
"469","181116","ChristopherÂ Stocke"
"470","194181","ChrisÂ Barnard"
"471","188103","GavinÂ Rudolph"
"472","192541","ChrisÂ Russel"
"473","185867","EnriqueÂ Arathoon"
"474","173991","ColinÂ Feik"
"475","196846","AnthonyÂ Scruggs"
"476","187685","FernandoÂ Guirola"
"477","194253","David Hartman"
"478","190300","Steve Carr"
"479","125104","Hasty Miller"
"480","158678","andre dillon courtois"
"481","187759","Thomas Crabtree"
"482","186565","Chad Coberly"
"483","156882","Charlie Knape"
"484","188155","Doug Carlson"
"485","158743","Jim Meyer"
"486","171628","Ken Swetka"
"487","181749","Jack Kerby-Miller"
"488","166958","EJ O'Mara"
"489","138937","Peter Johanson"
"490","179973","Curt Miller"
"491","181091","Charlie Young"
"492","165907","Bruce Hansen"
"493","196120","Thomas LaBelle"
"494","156888","Daniel Chappell"
"495","181856","Bret Guild"
"496","189811","Peter Seidenberg [Great Grand Master]"
"497","194228","Lynne Shore [Master]"
"498","187436","Phil King [Master]"
"499","198640","Penn Edmonds [Master]"
"500","193364","Amnon Gitelson [Grand Master]"
"501","176985","Donald Hahl [Grand Master]"
"502","172061","Chuck Rudinsky [Grand Master]"
"503","162338","Stu Nickerson [Grand Master]"
"504","177373","Douglas Mercer [Great Grand Master]"
"505","133827","Eric Aker [Grand Master]"
"506","173684","James Gardner [Master]"
"507","195886","Mark Nowakowski [Grand Master]"
"508","190435","Halsey Bullen [Great Grand Master]"
"509","180509","Kimbery Ferguson [Master]"
"510","162393","Robert Cutting [Master]"
"511","197034","Robert DiFilippo [Master]"
"512","160165","Matthew Largess [Grand Master]"
"513","194157","Pierre Jean [Grand Master]"
"514","151827","Mark Mendelblatt [Apprentice Master]"
"515","180502","Scott Ferguson [Master]"
"516","156583","Kevin Cain [Master]"
"517","194149","Timothy Fulham [Master]"
"518","168412","John   Harris [Master]"
"519","191464","Judith Krimski [Master]"
"520","191499","Dave Powlison [Grand Master]"
"521","160712","Jassin, Ben"
"522","191497","Mull, JP"
"523","171110","Mercer, Buck"
"524","187663","Erik Bowers"
"525","179501","Matt Gowell"
"526","187693","Colin Smith"
"527","196160","Seth Cooley"
"528","181294","Sam Altreuter"
"529","175053","Lucas Adams"
"530","154420","Morley Flynn"
"531","175565","Jamie Altreuter"
"532","171215","Stuart Grulke"
"533","179845","Billy Martin"
"534","184472","Bo McClatchy"
"535","180584","Peter Kavanaugh"
"536","196165","Jay Miles"
"537","181154","John Miller"
"538","189755","Stephen Everist"
"539","187327","Glenn Walker"
"540","151861","Fletcher Avery"
"541","169812","Wayne Lemley"
"542","174350","Jim Christopher"
"543","150919","Kurt Robinson"
"544","196162","EJ O'Mara"
"545","159939","John Wren"
"546","195881","Michael Everist"
"547","195614","Tim Everett"
"548","195938","Jeffrey Kluge"
"549","181151","Kyle Larsen"
"550","159945","Bryan Wren"
"551","131479","Trent Stewart"
"552","194481","Charles Thomas"
"553","156664","Mark Tasker"
"554","179485","Billy Martin [Open]"
"555","190517","Joesph Paggi [Junior]"
"556","172971","Newton Wattis [Great Grandmaster]"
"557","190513","Eric Bennung [Open]"
"558","130540","Craig Williams [Open]"
"559","159785","Jon Deutsch [Open]"
"560","186468","Stephen Ward [Master]"
"561","193965","Jim Knab [Grandmaster]"
"562","187311","Richard Prieto [Grand Master]"
"563","187986","Kevin  Johnson [Master]"
"564","169611","John Wilsey [Grand Master]"
"565","129333","Chris Cather [Master]"
"566","198397","Nickolas Cieslinski [Open]"
"567","155226","Mohamed F Harraz [Apprentice Master]"
"568","179458","Dylan Finneran [Junior]"
"569","194230","George Fallon [Grand Master]"
"570","188162","TOM BROSKY"
"571","193348","DAVID WELLS"
"572","194537","KYLE DAKIN"
"573","187137","BRAD BISKABORN"
"574","180050","ALDEN SHATTUCK"
"575","190457","ALBERT NICHOLS"
"576","162163","DAN NICKERSON"
"577","188854","IAN IKEDA"
"578","195630","Davis, Robert"
"579","187648","Robitaille, Martin"
"580","197695","Lohrmann, Nicholas"
"581","187783","Sewards, Richards"
"582","187714","Fuller, Bill"
"583","189713","Kiekens, Jean-Pierre"
"584","196034","Stein, Connor"
"585","174000","Gillis, James"
"586","170819","Patrick Roulstone"
"587","194523","Rob Muru"
"588","173189","Philip Blake"
"589","193302","Bruce Moyle"
"590","162084","Scott Collinson"
"591","116213","Dave Caesar"
"592","175190","Riley Finch"
"593","168142","Stuart Lawrie"
"594","178812","Tony Martin"
"595","198647","Teddy Weaver"
"596","196078","Jacek Suski"
"597","198374","Michael O'Brien"
"598","191548","Doug Honey"
"599","170690","Kurt Hoehne"
"600","196142","Jeremy Lynn"
"601","195947","Darren Redies"
"602","182099","Jay Winberg"
"603","162244","Greg Jackson"
"604","185899","Eric Becker"
"605","179202","Lily Grimshaw"
"606","196261","Scott Houck"
"607","168574","Mathew Schofield"
"608","195431","Mike Hefferman"
"609","174248","John Mellnik"
"610","153046","Mitch Grieb"
"611","171075","Holger Hinsch"
"612","194512","Ted Morgan"
"613","175592","John Gebhardt"
"614","196256","Christopher Cilliers"
"615","169628","Robert Voeller"
"616","168422","JEFF ROBBINS"
"617","176097","Todd Jackson"
"618","187794","Alexander Symes"
"619","180081","Mehmet Sevinc"
"620","173687","Tom Burden"
"621","184434","Rick Raduziner"
"622","196813","Buff Wendt"
"623","178562","Stephen Reichenfeld"
"624","131688","Don Harring"
"625","143225","John Underwood"
"626","177399","Scott Meers"
"627","160965","Mike Gilbert"
"628","175143","Peter Aronsson"
"629","194084","Dodge Rees"
"630","190176","Geoff Abel"
"631","198354","Austin Ross"
"632","105270","Lewis Oteruelo"
"633","198360","David  Cormack"
"634","133737","Mike Couture"
"635","199741","LP Gagnon"
"636","195646","Brayden Bilton"
"637","185554","Andrew Murtomaki"
"638","191547","Nick Smith"
"639","180500","Patric Byrns"
"640","195946","Dean Waschuk"
"641","177300","Scott Meers"
"642","176589","Benjamin Korol"
"643","140657","Tobian Penner"
"644","175662","Logan Campbell"
"645","199185","Daniel DelBello [Junior]"
"646","169595","James Barry"
"647","177720","Mike Auperin"
"648","181122","Peter Cusick"
"649","180521","Marek Zaleski"
"650","196134","Bryant Wood"
"651","125110","brian simkins"
"652","181800","Jacy Haff [Open]"
"653","191509","Ryan Hoey [Junior]"
"654","183771","Peter Duncan"
"655","180583","Henry Robinson"
"656","147567","Bill Lewis"
"657","189845","Ryan Schmitz"
"658","188812","Ted Green"
"659","196116","Timothy Entwistle"
"660","189792","David ""Bo"" McClatchy"
"661","157812","Derek Stow"
"662","195918","Hunter Rosenthall"
"663","199167","Jackson Silverstein [Junior]"
"664","194193","Mitchell Gordon [Junior]"
"665","194591","Dave Odell"
"666","121477","Buster Pike"
"667","149237","Karsten Gillwald"
"668","162291","Ryan Walsh"
"669","156874","Doug DuBois"
"670","112231","Bob Skinner"
"671","196252","Bill Rusconi"
"672","175898","Kathy Metcalf"
"673","138886","Kyle Williams"
"674","196036","Paul Swan"
"675","182280","Otto Strandvig [Master]"
"676","173988","Jorge Abreu [Grand Master]"
"677","199138","John MacCausland [Master]"
"678","198661","Bill Symes [Grand Master]"
"679","171012","Randall Rea [Master]"
"680","187717","Erick Rodriguez [Apprentice Master]"
"681","199142","Newt Wattis [Great Grand Master]"
"682","199139","Mike Hecky [Master]"
"683","190288","Dick Tillman [Great Grand Master]"
"684","198028","Jacques Kerrest [Grand Master]"
"685","179465","Ched Proctor [Grand Master]"
"686","154095","Luis Barrios [Grand Master]"
"687","181113","Len Guenther [Master]"
"688","189701","Jack Pearce [Great Grand Master]"
"689","166118","William Shirley [Master]"
"690","181131","Buzzy Heausler [Master]"
"691","196023","Bob Tan [Master]"
"692","156522","Robert Peckham [Master]"
"693","191467","Jeff DuVal [Apprentice Master]"
"694","105583","James Stanley [Master]"
"695","158648","Robert Voeller [Master]"
"696","190474","Donna Steele [Apprentice Master]"
"697","177134","John Coffey [Grand Master]"
"698","192057","John McNally [Master]"
"699","193290","Hollis Caffee [Great Grand Master]"
"700","191911","edward rickard [Great Grand Master]"
"701","177021","Britt Drake [Great Grand Master]"
"702","181167","John Clark [Great Grand Master]"
"703","138970","Chuck Cairnes [Great Grand Master]"
"704","194058","Brandon Addison"
"705","197594","Ben Leibowitz [Open]"
"706","132889","Emilio Castelli [Grand Master]"
"707","198654","jon andron [Great Grand Master]"
"708","179983","Martin Hartmanis [Master]"
"709","171059","Todd Willsie"
"710","182021","Jim Johnston"
"711","162401","Randy Shuman"
"712","181913","Michael Murphy"
"713","194592","Paul Lisagor"
"714","162344","Kelly Pensell"
"715","161980","Michael Johnson"
"716","184442","Jeff Tinker"
"717","187352","Dan Falk"
"718","182908","David Schutte"
"719","190174","Scott  Malone"
"720","145404","Dwaine Trummert"
"721","192933","Douglas Stumberger"
"722","148170","Glenn Wisegarver"
"723","165973","Tom Whitehurst"
"724","195916","Carson Crain [Junior]"
"725","199470","Mark Eldred [Master]"
"726","USA 194084","Dodge Rees [Junior]"
"727","171593","John Fricker [Apprentice Master]"
"728","164245","sebastien Dubois [Apprentice Master]"
"729","187280","Gustavo Zapater [Master]"
"730","176221","James McTurk [Open]"
"731","165979","Steven Tacconelly [Grand Master]"
"732","161988","Wellborn Jack, Jr. [Great Grand Master]"
"733","189872","Mike Lindstrom [Master]"
"734","165928","W Tyler Geiger [Master]"
"735","182737","Isaac Kremers [JR]"
"736","157846","Amy Todd [W]"
"737","165966","Kenneth Griswold [M]"
"738","171028","Dell Todd"
"739","173998","Elle Rivard [(JR) (W)]"
"740","168580","Lindsey Gates [W]"
"741","117120","Erik L. Vanfossen"
"742","173966","Maggie Kloote [W]"
"743","185455","Peter Kerby-Miller [Jr]"
"744","154179","Michael H Madden [JR]"
"745","177031","Sam Gill"
"746","167447","Dirk Daniel Phelps [Jr]"
"747","117976","Mats Lindfors"
"748","189720","Bob Currier [M]"
"749","173711","Sean Reidy"
"750","169588","collin kroh"
"751","190429","William Singelstad"
"752","193065","Wolfgang Gerz [Grand Master]"
"753","188888","Kurt Wessels [Apprentice Master]"
"754","198379","David LaPier [Master]"
"755","174236","Jacques Kerrest [Grand Master]"
"756","183013","David Wyllie [Great Grand Master]"
"757","174241","John Barrere [Great Grand Master]"
"758","191697","russ  silvestri [Master]"
"759","197041","Kevin Taugher"
"760","197052","Peter Vessella"
"761","158628","Mike Rutledge"
"762","100821","Eugenio Cingolani"
"763","179230","Steve Kent"
"764","198697","Chuck Tripp"
"765","196819","Alex Shepard"
"766","196108","Jorge Suarez"
"767","187994","Ari Barshi"
"768","187317","Charlie Buckingham"
"769","151840","Sam Watterson"
"770","176049","jimmie underwood"
"771","196538","JesÃºs Rodriguez"
"772","175935","Michael Karas"
"773","168661","Anthony Boscolo"
"774","199713","Vilhelm Roberts"
"775","164204","Jeffrey Olson"
"776","184590","Lance Miller"
"777","187377","Nils Andersson"
"778","195604","Matthew Morris"
"779","181119","Jim Hecht"
"780","195597","Tom Laube"
"781","187389","Joseph O'Leary"
"782","168381","Matt Evans"
"783","169560","Jeff Morgan"
"784","188669","Stu Nickerson"
"785","129434","James Nicol"
"786","187751","Harrison Barrow"
"787","170140","Kyle Powers"
"788","192064","James Harvey"
"789","159849","Geoff Hogan"
"790","199317","Armando Garbero"
"791","196263","Gary Hayes"
"792","187149","Andrew Goodman"
"793","172502","Peter Haley"
"794","190401","Jeff Ward"
"795","175266","NED STEIGER"
"796","170363","Jack Robbie"
"797","161923","Christopher Owens"
"798","196288","Daniel Birmingham [Junior]"
"799","194251","Greg Zack [Master]"
"800","195933","Joseph Sprunt [Junior]"
"801","193350","Mott Blair [Master]"
"802","197160","alexander heinzemann"
"803","196812","Nick Pullen"
"804","198118","Luke Parker"
"805","196441","Mark Bethwaite"
"806","177279","Matt hebard"
"807","178859","Jim Barrett"
"808","182921","Tom Laube"
"809","176191","MARK fitzsimmons"
"810","199714","Michael Blackford"
"811","118951","Aidan Toms"
"812","193990","Bryan Bay"
"813","188903","Mark Dragon"
"814","191557","Taylor Smith"
"815","152126","cameron schuh"
"816","187811","Ethan Lounsbury"
"817","196012","Monica Wilson"
"818","170313","Ray Strickland"
"819","156652","Sam Hopkins [Master]"
"820","169754","william kleinschrodt [Master]"
"821","166839","Kyle Rogachenko"
"822","199551","Peter Shope"
"823","199516","Dave Magno"
"824","199145","Konrad Davy"
"825","199205","R J Graef"
"826","177637","John Staff"
"827","200184","Kenneth Davy"
"828","173187","Evan Olson"
"829","185425","Bob Lippincott"
"830","187117","erick rodriguez"
"831","187975","Tyler Andrews"
"832","199728","John Brown"
"833","172975","Augie Diaz"
"834","195890","Colin Kennedy"
"835","183866","Curtis Woodworth"
"836","166013","franklin trainer"
"837","188142","Chalmers Pierce"
"838","194538","EVERT MCLAUGHLIN"
"839","200051","MATTHEW RYDER"
"840","194542","IAN HILL"
"841","199357","IAN IKEDA"
"842","199191","GREGORY CLUNIES"
"843","199377","BILL MCLAUGHLIN"
"844","172972","SHARATH KUNNANATH"
"845","185943","MAXIMILIAN BEESE"
"846","176096","NICK SCHWENGER"
"847","212333","STEPHEN WINKWORTH"
"848","194159","TAYLOR PERKINS"
"849","185371","PHILIP BLAKE"
"850","152984","DJ BOTT"
"851","187865","CHRIS DORRINGTON"
"852","194524","BRYAN KROL"
"853","175880","ERIC HILL-KEAST"
"854","187275","ANDRE BEESE"
"855","156813","ALEX GROSS"
"856","180109","NICHOLAS ODEGARD"
"857","167437","BRUCE BRALY"
"858","184618","TIM ZIMMERMAN"
"859","194594","ERIC WILSON"
"860","194037","PHILLIPPE ASTIE"
"861","197602","SIMEON THOMAS"
"862","161089","MICHAEL EICHWALD"
"863","155566","CHANDOS ERWIN"
"864","106295","BOB SKINNER"
"865","129355","BILL GILLINGHAM"
"866","195898","ROMAIN ASTIE"
"867","184588","LINDSAY EBERLY"
"868","198660","Keith Sternal"
"869","187336","David Schack"
"870","199994","steve hendricks"
"871","199187","Tracy Usher"
"872","198655","doug seeman"
"873","199603","Nick Burke"
"874","170328","Christine neville"
"875","186530","Joseph McCoy"
"876","197117","Colton Carnevale"
"877","200014","Peter Gamble"
"878","199912","David Hillmyer"
"879","191997","Luke Muller"
"880","168533","Christopher Manick"
"881","169484","Stanley Hassinger"
"882","148699","robert Key [Master]"
"883","199146","BENOIT MEESEMAECKER [Master]"
"884","201271","John Miller [Apprentice Master]"
"885","183861","Britt Hughes [Master]"
"886","179132","Donald Hahl [Grand Master]"
"887","201265","Halsey Bullen [Great Grand Master]"
"888","164098","Gerardo Brondino [Master]"
"889","186519","Dorian Haldeman [Apprentice Master]"
"890","182423","Mark Laser [Grand Master]"
"891","201267","Edward Rickard [Great Grand Master]"
"892","174978","Michael Mays [Grand Master]"
"893","200168","rick landell [Grand Master]"
"894","169587","Pat Dawson [Grand Master]"
"895","201272","Mark Unicume [Master]"
"896","200386","Todd Klingler [Master]"
"897","187392","Faye Flam [Master]"
"898","199916","David Hartman [Great Grand Master]"
"899","199911","Michelle Davis [Apprentice Master]"
"900","196080","Steven Schmidt [Master]"
"901","106011","Tony Iacono [Great Grand Master]"
"902","177153","Patrick McBriarty [Master]"
"903","153006","Sandy Westphal [Master]"
"904","195943","David Anthes"
"905","167136","Emilio Castelli"
"906","164806","David Olson [Great Grand Master]"
"907","155481","Kevin Ratigan [Grand Master]"
"908","166131","Richard Jarchow [Apprentice Master]"
"909","USA 199138","John MacCausland [Master]"
"910","164429","Marek Valasek [Apprentice Master]"
"911","147495","Paul Guidi [Grand Master]"
"912","196910","Nicholas Place"
"913","200405","Michael Parramore"
"914","158770","Todd Hiller"
"915","105708","doug peckover [Grand Master]"
"916","178580","Curtis Hutcheson [Apprentice Master]"
"917","192906","Hank Saurage [Master]"
"918","157833","Forest Atkins [Master]"
"919","149083","GREG WALLACE [Master]"
"920","176231","STEWART MASTERSON [Master]"
"921","188168","STEVE BURNS [Apprentice Master]"
"922","196852","John Larson [Open]"
"923","199982","jon andron"
"924","199164","Martine Zurinskas"
"925","189809","Lucas Adams"
"926","181139","Trey Hartman"
"927","187393","Richard Didham"
"928","194086","Cody  Richnow"
"929","156535","Andrew Swan"
"930","201286","Louis Chicoine"
"931","179453","Jack Thompson"
"932","200185","Tony Gasparich"
"933","187749","Alex Symes"
"934","161919","Alexandre Tupinamba"
"935","173981","Britt Feik"
"936","200551","Max Gallant"
"937","198652","Dominic Fritz"
"938","203914","Matthew Sherar"
"939","173725","Matthew Turner"
"940","196123","Brendan Aulthouse"
"941","201275","Riley Finch"
"942","159805","Chris Hufstader"
"943","199023","Clay Johnson"
"944","180494","Matt Allen"
"945","201225","Ryan Schmitz [Open (M)]"
"946","000001","LUKE MULLER [Junior (M)]"
"947","199554","Benjamin Richardson [Apprentice Master (M)]"
"948","157824","Theodore Ingram [Open (M)]"
"949","194582","Marc Jacobi"
"950","198633","Patrick Andreasen [Master (M)]"
"951","188692","Jim Da Silva [Apprentice Master (M)]"
"952","200587","Mike Hecky [Master (M)]"
"953","190414","JB Braun [Master (M)]"
"954","175925","Ben Wilkinson [Junior (M)]"
"955","172028","JOHN MCGLYNN [Open (M)]"
"956","194562","LUKE MILLER [Junior (M)]"
"957","199028","Thomas Gallagher"
"958","168569","Chris Palmieri"
"959","191455","Paul Hayes [Grand Master (M)]"
"960","199148","Henry Machum [Junior (M)]"
"961","154091","Stephen Uhl [Master (M)]"
"962","158778","Hank Thorburn [Master (M)]"
"963","154536","PHILIP KERSTEN [Master (M)]"
"964","192032","Wayne Colahan [Master (M)]"
"965","199160","Douglas Slocum [Open (M)]"
"966","198048","Andrew Burton [Apprentice Master (M)]"
"967","159063","JOSEPH MILLER [Master (M)]"
"968","198631","Stein Skaane [Apprentice Master (M)]"
"969","157825","Andrew Kingston [Junior (M)]"
"970","176723","John Beal [Grand Master (M)]"
"971","187875","Shawn pelissier"
"972","156954","tom dailey [Master (M)]"
"973","170450","David Bushnell"
"974","272727","Had Brick"
"975","191968","Nicolaus Pro"
"976","199199","Mike Hecky"
"977","174271","Will Fortenbaugh"
"978","190518","Joseph Paggi"
"979","190205","Chris Myers"
"980","121156","David Sikora"
"981","161097","Christopher Duncan"
"982","178529","Michael Duncan"
"983","183739","Alec McKee"
"984","198415","thomas balk"
"985","166091","George Ernst"
"986","199344","Russell Mullane"
"987","152879","Colin Richards"
"988","175521","Jerry Komas"
"989","196161","nick valente [Junior]"
"990","199578","Kenneth Griswold"
"991","182417","Brian Wrase"
"992","128358","Jack Greve"
"993","177120","Erik L. VanFOssen"
"994","201261","J Locascio"
"995","182917","Libby Reeg"
"996","161167","Kathy Wynsma"
"997","165146","Stu Nickerson"
"998","187756","Drew  Carlson"
"999","187223","James Nicol"
"1000","138661","Andrew O'Brien"
"1001","183769","Josh King"
"1002","158957","Bryan Sherbacow"
"1003","169576","Mark Nickerson"
"1004","200419","Dan Falk [Apprentice Master (M)]"
"1005","192874","Vann Wilson [Grand Master (M)]"
"1006","199914","greg jackson [Grand Master (M)]"
"1007","199928","Will Lowe [Apprentice Master (M)]"
"1008","197032","Ed Feo [Grand Master (M)]"
"1009","199126","Adam DiDomizio"
"1010","161908","Riley Turk"
"1011","165876","Geoffrey Brelsford"
"1012","148162","Christopher Suarez"
"1013","199598","Matt Ripkey"
"1014","191956","Gary Smith"
"1015","136616","ben markhart"
"1016","162515","Ken  Brenton"
"1017","187737","Brandon Bell"
"1018","198420","J. P. Mull"
"1019","181836","David Hartman"
"1020","148979","Boden David"
"1021","173953","Peter Hansen"
"1022","195125","Ethan Lounsbury"
"1023","1158648","Aaron Sandow"
"1024","185492","Andrew Muss"
"1025","142465","Philip Karcher"
"1026","196816","John Purdy"
"1027","111908","Toshinari Takayanagi [Master]"
"1028","202677","David Wyllie [Great Grand Master]"
"1029","185551","Ron Witzel [Great Grand Master]"
"1030","187644","Tim Knowles [Great Grand Master]"
"1031","151575","Steven Aguilar [Grand Master]"
"1032","166055","Brian Bauman [Master]"
"1033","131139","Michael Gillum [Master]"
"1034","171598","John Watson Galloway"
"1035","195468","Raleigh  Christman"
"1036","194502","Jeremy Hitchcock"
"1037","175033","cameron schuh"
"1038","182087","kate Darby Flanagan"
"1039","181855","Steven Kirkpatrick [Apprentice Master]"
"1040","175126","Andrew Pimental [Master]"
"1041","199572","Dan Neri [Master]"
"1042","160929","PHILIPPE DORMOY [Grand Master]"
"1043","190221","Bill Dickey [Master]"
"1044","182787","Scott Pakenham [Apprentice Master]"
"1045","200528","Lindsay Hewitt [Great Grand Master]"
"1046","170780","Joe Berkeley [Master]"
"1047","185839","TOM WHITMORE [Master]"
"1048","187745","John Graham [Apprentice Master]"
"1049","173999","Jeff Beckwith [Master]"
"1050","175753","Scott Vogel [Master]"
"1051","149934","Ed Berenblum [Grand Master]"
"1052","162030","Duane Delfosse [Master]"
"1053","109963","Nathaniel Cook [Apprentice Master]"
"1054","177282","Kenneth Luczynski [Master]"
"1055","196064","Chris Jagel [Master]"
"1056","199188","Christy Usher [Apprentice Master]"
"1057","196107","David Ryan [Grand Master]"
"1058","199156","Brian Fisher [Apprentice Master]"
"1059","196049","David Armitage [Apprentice Master]"
"1060","188767","Mitchell Kiss"
"1061","194255","Anders Ekholm"
"1062","176036","Wade Wagner"
"1063","201251","Tommy  Garber"
"1064","140599","Matthew Arntzen"
"1065","171063","Brendan Kaplan"
"1066","173937","Tip Flocco"
"1067","183813","Jimmy Moriarity"
"1068","187247","Elliott Mallin"
"1069","196564","John Holmberg"
"1070","ISV 184615","Andrew Barlas"
"1071","200610","Robert Davis"
"1072","202170","Ricardo Montemayor"
"1073","118971","Rob Jackson"
"1074","173939","Ernesto Rodriguez"
"1075","132673","Christina Persson"
"1076","174219","Mitchell Mefford"
"1077","181144","Matthew Snyder"
"1078","188920","Joshua Temko"
"1079","175507","Daphne Chen"
"1080","201299","Alex Conlan"
"1081","175501","Sydney Timm"
"1082","180551","Leeson Chen"
"1083","194083","Chris Nagy"
"1084","136924","Ryan Clarke"
"1085","196283","Nathan Fields"
"1086","199793","Rodion  Mazin"
"1087","153106","Garth Hobson"
"1088","162514","Roger Herbst"
"1089","177360","Mark Voropayev"
"1090","203957","John MacCausland [Master]"
"1091","197107","Dean Carballal [Apprentice Master]"
"1092","185957","Steve Phillips [Master]"
"1093","194567","Tim Millhiser [Great Grand Master]"
"1094","196117","Monica Wilson [Master]"
"1095","102254","Ian Robertson [Grand Master]"
"1096","132709","Loren Hoffman [Great Grand Master]"
"1097","171031","David  Christoff [Grand Master]"
"1098","182888","Al Russell [Grand Master]"
"1099","183923","Edward John [Grand Master]"
"1100","204426","Mike Hecky [Master]"
"1101","199804","Jeff Beckwith [Master]"
"1102","200218","Randy McMeekin [Master]"
"1103","162171","Keith Barron [Grand Master]"
"1104","190505","Carsten Faubel"
"1105","176023","Lawrence McGrath"
"1106","188961","Mark Kroening"
"1107","186560","Alex Wisch"
"1108","142547","Dwight Escalera"
"1109","169610","Mario Fernandez"
"1110","165105","Scott Leppert"
"1111","175209","Andres  Matoso"
"1112","160954","Ben Russell"
"1113","184473","John Coakley"
"1114","123456","Rich Harries"
"1115","196821","Andy Roy [Grand Master]"
"1116","183886","GANSON EVANS [Master]"
"1117","196088","Ian Robertson [Grand Master]"
"1118","198710","Darren Cooke`"
"1119","204415","William ""Billy"" Guice III"
"1120","170989","Raleigh Christman"
"1121","184579","Zachary Kaan"
"1122","114398","William kubicek"
"1123","184577","Scott  Melander"
"1124","199925","Walt Spevak"
"1125","189794","Keith Davids [Apprentice Master]"
"1126","185874","Doug  Hart [Grand Master]"
"1127","175058","David Klatt [Grand Master]"
"1128","199542","Paul Miachika [Grand Master]"
"1129","204231","Dave Leuck [Master]"
"1130","184386","Barney Barnett [Grand Master]"
"1131","198653","Scott Sabin [Master]"
"1132","194492","Rick Arneson [Apprentice Master]"
"1133","147401","Barney Rickett [Great Grand Master]"
"1134","167362","Dick Davidson [Master]"
"1135","180529","George Lewis"
"1136","172569","Michael Faubel"
"1137","196150","Stephen Long"
"1138","200191","Matthew Long"
"1139","198385","Adrian Vlasic"
"1140","186644","Deniz Bekis"
"1141","199127","Adam DiDomizio"
"1142","199408","Jack  Bignell"
"1143","204479","Alexander Shepard"
"1144","199327","John Purdy"
"1145","182733","Domenic Bove"
"1146","177176","Derek Bottles"
"1147","199921","Mark Ross"
"1148","170402","Trevor Stubbs"
"1149","173959","Hugh Runyan"
"1150","199535","Christine Neville"
"1151","190648","Lawson Willard"
"1152","182848","Domenic Bove"
"1153","189739","Lindsey Baab"
"1154","178871","Jonathan Cannard"
"1155","184640","Will Cefali"
"1156","191263","Elias Hutchinson"
"1157","186536","Nate Clemett"
"1158","197044","Carly Broussard"
"1159","198635","Lauren Cefali"
"1160","190464","Clay Broussard"
"1161","196083","Taz Coffey"
"1162","196817","Frank Caccavo, JR"
"1163","194598","Dave Jursik"
"1164","175454","tom poore"
"1165","200323","Glenn Walker [Apprentice Master]"
"1166","200753","Martin Willard [Grand Master]"
"1167","201212","Stephen SZYMANSKI [Apprentice Master]"
"1168","187322","john fragakis [Great Grand Master]"
"1169","187107","Kent Leverich [Master]"
"1170","203926","Chris Mccaffrey [Junior]"
"1171","154439","Doug Howson [Laser]"
"1172","199924","greg jackson"
"1173","176774","Brian Hickman"
"1174","199319","Robert Hodson"
"1175","198641","Ralph Kinder [Master]"
"1176","159805","Chris Hufstader [Master]"
"1177","190273","Jean-Yves Fillion [Master]"
"1178","121260","John Eckart [Grand Master]"
"1179","168591","Dan Lent [Apprentice Master]"
"1180","149880","STEPHEN POLLAK [Grand Master]"
"1181","200211","Brett Morris [Apprentice Master]"
"1182","191465","Christopher Kirk [Master]"
"1183","0169531","Carter Skemp [Apprentice Master]"
"1184","199560","Frank Seckler [Master]"
"1185","190453","Gary Werden [Grand Master]"
"1186","199177","Lowell Thomas [Master]"
"1187","164368","Nat Cook [Apprentice Master]"
"1188","204824","Matt Doherty [Master]"
"1189","162041","Sandy Takacs [Master]"
"1190","182416","Cooper Dressler"
"1191","166840","Wilson Fletcher"
"1192","179234","David Cefali"
"1193","195444","Nick Valente"
"1194","188969","Brendan Shanahan"
"1195","200392","Matthew Lyons"
"1196","175006","Billy Martin"
"1197","204428","Mike  Russom"
"1198","199355","Matthew Schofield"
"1199","204077","BRENDAN AULTHOUSE"
"1200","170112","Alex Burke"
"1201","200148","james mcgowan"
"1202","199552","Donald Hahl"
"1203","165049","Steve Warren"
"1204","184428","Henry O'Brien"
"1205","148915","John Shanahan"
"1206","187872","Donal Ryan"
"1207","204774","Mike Doell"
"1208","194528","mohamed harraz"
"1209","169780","PATRICK REILLY"
"1210","196275","Victor Sullivan"
"1211","172483","Chris Wilson"
"1212","175134","Patrick McBriarty"
"1213","156706","Russell Burke"
"1214","176204","Robert Christie"
"1215","165015","Mitchell Polgar"
"1216","170398","Garrett Gast"
"1217","183894","David Nietling"
"1218","204476","Peter Vessella [Grand Master]"
"1219","166906","Ray Davies [Apprentice Master]"
"1220","172957","Augie Diaz [Grand Master]"
"1221","204391","Chris Raab [Grand Master]"
"1222","196151","Roman Plutenko [Apprentice Master]"
"1223","199978","Chris van Rossem [Apprentice Master]"
"1224","166000","Brian Harrison [Apprentice Master]"
"1225","191910","Ryan Minth [Master]"
"1226","173719","Doug Kaukeinen [Master]"
"1227","172010","mark sertl [Grand Master]"
"1228","199336","Douglas McKeige [Grand Master]"
"1229","170393","david moffet [Master]"
"1230","204462","Patrick Wachholz [Apprentice Master]"
"1231","177364","Daniel Fien [Grand Master]"
"1232","199937","Len Guenther [Master]"
"1233","167367","James  Porter [Apprentice Master]"
"1234","169531","Carter Skemp [Apprentice Master]"
"1235","191909","David Dunbar [Master]"
"1236","156631","Eric Johnson [Grand Master]"
"1237","182761","Ben duPont [Master]"
"1238","204777","David Trinder [Grand Master]"
"1239","181220","John Weiss [Grand Master]"
"1240","200198","Brett Slykerman [Apprentice Master]"
"1241","186599","Timothy Desmond [Apprentice Master]"
"1242","132891","Tim McMahon [Grand Master]"
"1243","192085","Jeff Dejean [Master]"
"1244","175918","Frank Hennessy [Grand Master]"
"1245","201321","Jerry Callahan [Grand Master]"
"1246","185786","robert bryant [Great Grand Master]"
"1247","167158","Eric Petersen [Apprentice Master]"
"1248","203616","tim marshall [Master]"
"1249","200359","Ash Beatty"
"1250","142611","Kylie and Nick Schischka"
"1251","184626","Kate Easton"
"1252","204846","Malcolm Ross"
"1253","193991","Jack Marsh"
"1254","187659","Allan Dake [OPEN]"
"1255","193329","Eric Wynsma [OPEN]"
"1256","183759","Mason Wolters [JUNIOR]"
"1257","188722","Dan McCormick [OPEN]"
"1258","165101","Sandi Fredricks [WOMAN]"
"1259","117975","Matts Lindforse [JUNIOR]"
"1260","187681","Patrick Reeg [OPEN]"
"1261","140614","Jack Diehm [JUNIOR]"
"1262","135226","Jim Lopez [OPEN]"
"1263","183839","Elliott Gear [Junior]"
"1264","172102","Thomas Bouchard [Junior]"
"1265","201293","Sam Lippmann"
"1266","162519","Haley Cedarholm"
"1267","194540","William Heausler"
"1268","204410","Brandon Kirby"
"1269","204771","Roberto Porter"
"1270","192900","Charles Lindsay"
"1271","152954","Alex Woodbridge"
"1272","177002","Colin Holzberger"
"1273","191958","Philip Karcher"
"1274","201285","Christopher Douglas"
"1275","199123","Francis Hawley"
"1276","200525","Thomas Gallagher"
"1277","177642","Edmund Scott"
"1278","171013","Hugh Dougherty"
"1279","136938","Peter Durant"
"1280","187272","Michael Bowden"
"1281","160240","Jack McGuire"
"1282","126633","Chuck Gilchrest"
"1283","158848","Aaron Sandow"
"1284","156848","Robert Voeller"
"1285","200564","Courtney  Voehl"
"1286","193989","weston kirschbaum"
"1287","192093","Brian Gilcher"
"1288","1586481","Tricia Wojtisek"
"1289","171185","Dave Chapin"
"1290","11586481","Tricia Wojtisek"
"1291","151934","Courtney Voehl"
"1292","162008","James Liebl"
"1293","204841","Clay Johnson"
"1294","151042","Ravi Subramanian"
"1295","154272","Mark Nickerson"
"1296","154257","Peter McAvoy"
"1297","190412","Hugh Dougherty"
"1298","195162","Luther Carpenter"
"1299","199760","David Morgan"
"1300","190494","Owen Bushaw"
"1301","200549","Ian McKeige"
"1302","166854","Bruce Moore"
"1303","158787","Alex Delgado"
"1304","188189","Fred Schroth"
"1305","174300","John Oliver"
"1306","194269","Maxwell Cool"
"1307","181124","Travis Tucker"
"1308","164293","Jordan Wiggins"
"1309","200015","Matt Peterson"
"1310","159065","Renee Rawson"
"1311","199796","Malcolm Lamphere"
"1312","200360","Wade Wagner"
"1313","186515","R.J. Porter"
"1314","194242","Jackson Hamilton"
"1315","160991","George Ernst"
"1316","188150","James Pulsford"
"1317","169307","Stanley Carraway"
"1318","195130","Ralph Guito"
"1319","usa194181","Mark van den Driessche"
"1320","138711","Dan McGraw"
"1321","185521","david parshall"
"1322","187413","Cary Limehouse"
"1323","194254","Christopher Stang"
"1324","152076","Robby Sweet"
"1325","170706","Ken Hopkins"
"1326","152912","Charles Lee"
"1327","205389","Robert Key"
"1328","187687","David Hiebert [Apprentice Master]"
"1329","187289","Matt Fisher [Grand Master]"
"1330","204480","Rob Hodson [Grand Master]"
"1331","205367","Halsey Bullen [Great Grand Master]"
"1332","195496","Hank  Thorburn [Master]"
"1333","148542","WILLIAM Lawson [Master]"
"1334","198014","Eduardo Cabarrus [Grand Master]"
"1335","205445","Lindsay Hewitt [Great Grand Master]"
"1336","155200","Philip Swanton [Master]"
"1337","205512","Adam Glass [Grand Master]"
"1338","158970","Ian McNeice [Grand Master]"
"1339","172946","Erik langendal [Apprentice Master]"
"1340","187245","Peter Madonna [Grand Master]"
"1341","156389","Geir Sunde [Grand Master]"
"1342","188847","Robert  Page [Great Grand Master]"
"1343","179497","Daniel Bowman [Apprentice Master]"
"1344","148179","Daniel Bullard [Great Grand Master]"
"1345","203751","Bill McKenzie [Great Grand Master]"
"1346","184888","tom purdy [Great Grand Master]"
"1347","205519","Jean-Yves Fillion [Master]"
"1348","204421","Louisa  Nordstrom"
"1349","173397","Andre Reguero"
"1350","170001","Drew Hayward"
"1351","203631","Grant Boicheff"
"1352","191254","Joshua Temko"
"1353","173637","Gage Schoenherr"
"1354","166913","Emmet Ward"
"1355","177501","Daphne Chen"
"1356","194536","Paul Guidi"
"1357","201273","Roman Plutenko"
"1358","153117","Joseph David"
"1359","199400","Christina Person"
"1360","184607","William Hofmeister"
"1361","168356","Rebecca Hofmeister"
"1362","173996","Bill Mckenzie"
"1363","204843","Page Anderson"
"1364","203938","Charles Koules"
"1365","170686","Adam Bowen"
"1366","183884","Ryan Drake"
"1367","187726","Mitch Polgar"
"1368","156687","Sam Eadie"
"1369","177680","Levi Ender"
"1370","181248","Russell Schulz"
"1371","209231","DAVE Leuck"
"1372","179429","MARTIN MOLINA"
"1373","195588","Carter lynn"
"1374","196815","Ben Rohr"
"1375","177184","Nicklas  Gardner"
"1376","199537","Stephen Aguilar"
"1377","199125","Nicholas Rolle"
"1378","199390","Alexander Thompson"
"1379","185420","Jayson Miller"
"1380","201281","Leon Rodriguez del Rey"
"1381","195469","Dave Chapin [Master]"
"1382","126597","Jonathan Phillips [Master]"
"1383","206080","Tony Iacono [Great Grand Master]"
"1384","000008","Julie Stewart [Master]"
"1385","187944","Ari Barshi [Master]"
"1386","128450","Peter Hopple [Apprentice Master]"
"1387","206607","Douglas McKeige [Grand Master]"
"1388","158636","Roger Howell [Great Grand Master]"
"1389","187757","Drake Lyon"
"1390","205513","Daniel Barry"
"1391","201255","Wade Wagner"
"1392","173975","Brendan Cook"
"1393","193284","Ian Struthers"
"1394","199395","Justin Norton"
"1395","196268","Michael Trebilcock"
"1396","203918","Forrest Wachholz"
"1397","170110","Buck Mercer"
"1398","206117","Alec Chicoine"
"1399","153332","Jno Disch"
"1400","153073","Nick Harris"
"1401","156817","Elliot Lee"
"1402","158286","Thomas Gmeiner"
"1403","190286","Braden Garvey"
"1404","159920","Cuyler  Fiesel"
"1405","171634","Kristin Schultes"
"1406","167497","Andrei Ihnatsenka"
"1407","194938","Jason Putley [Laser Radial]"
"1408","161034","Matt Oliver [Laser Radial]"
"1409","ISV184615","Andrew Barlas [Laser Full]"
"1410","IVB 159048","Alec Anderson [Laser Full]"
"1411","AHO204096","RhÃ´ne FINDLAY [Laser Radial]"
"1412","156565","Benjamin Jacobson"
"1413","200573","Martin Willard"
"1414","206066","Dan Falk [Master]"
"1415","204401","Robert Britten [Grand Master]"
"1416","198378","Andrew Haliburton [Master]"
"1417","200192","Kurt Hoehne [Master]"
"1418","206064","Derek Bottles [Apprentice Master]"
"1419","196114","Todd Willsie [Master]"
"1420","206166","Mark McCuddy [Master]"
"1421","199963","Eric  Becker [Master]"
"1422","148766","John Drayton [Master]"
"1423","192956","Michael Hooper [Master]"
"1424","200172","Kris Hublitz [Master]"
"1425","201329","yanic gentry [Open (M)]"
"1426","175948","AL CLARK [Master (M)]"
"1427","199752","reece myerscough [Junior (M)]"
"1428","206171","Max Gallant [Junior (M)]"
"1429","204224","Talia Toland [Junior (F)]"
"1430","194042","Hanne Weaver [Open (F)]"
"1431","199929","Natalia Montemayor [Open (F)]"
"1432","1997521","alexander Fritz [Junior (M)]"
"1433","200137","fillah karim [Junior (M)]"
"1434","203652","Colin Krawchuk [Junior (M)]"
"1435","193977","Benjie McMaster [Junior (M)]"
"1436","199771","Trevor Owen [Great Grand Master (M)]"
"1437","194527","Liam Donoghue"
"1438","182368","Conner Harding"
"1439","175465","Addison Hackstaff"
"1440","194180","Chris Barnard"
"1441","199769","Malcolm Lamphere"
"1442","199338","Marshall McCann"
"1443","199339","Ford McCann"
"1444","199573","Stephen Bourdow"
"1445","185862","Steven Leuck"
"1446","205689","Markus Edegran"
"1447","181790","Charlie Heatherly"
"1448","198056","ANDRO KORLAET"
"1449","198659","Vann Wilson"
"1450","190203","Carson Shevitz"
"1451","190477","Ethan Lounsbury"
"1452","206587","Michael Bradley"
"1453","171212","Brian Cottrell"
"1454","173677","David Sparkuhl"
"1455","204223","Ander Belausteguigoitia"
"1456","205472","Lawrence McGrath"
"1457","176859","Ike Bowen"
"1458","199932","Richard Parker"
"1459","203960","Andrew Holdsworth"
"1460","198739","Chris Boome"
"1461","197058","Walt Spevak"
"1462","188620","Ben Rohr"
"1463","203961","Will  Dana"
"1464","188996","CAMERON PIMENTEL"
"1465","200164","Kyle Gerrard"
"1466","166141","Philip Thompson"
"1467","187670","Paul Foley"
"1468","195607","Terence Gallagher"
"1469","195601","Ian Elliott"
"1470","198693","Dave Leuck"
"1471","192963","Max Rohr"
"1472","187293","Alex Moody"
"1473","166835","Nicklas Gardner"
"1474","164375","Rob Bowden"
"1475","206538","John Potter"
"1476","197568","James Kinghorn"
"1477","197569","Andy Kinghorn"
"1478","200546","Terry Reid [CHK]"
"1479","193332","Ilia Rudnitskiy [CHK]"
"1480","182363","Mike Weldon [CHK]"
"1481","205437","Robert Legate [CHK]"
"1482","179422","Jim Goodvin [CHK]"
"1483","194496","Rick Stroppel [CHK]"
"1484","204829","Marcus Rockliff [CHK]"
"1485","188878","Russel Krause [CHK]"
"1486","189807","Mark Kortbeek [CHK]"
"1487","197564","William Mulloy [CHK]"
"1488","174230","Ethan Brown [CHK]"
"1489","131632","Art Buitenwerf [CHK]"
"1490","203604","Glynis Dorey [CHK]"
"1491","180150","Brad Brockman [CHK]"
"1492","155197","Jaime Espinosa"
"1493","130911","Mike Minett"
"1494","168327","Elijah Jones"
"1495","178592","Cameron Loncoski"
"1496","161045","Caleb Robinson"
"1497","155207","Ethan Merrill"
"1498","170811","Nikolas Liolios"
"1499","101194","Cooper Siepert"
"1500","146983","Dan Morse"
"1501","165037","Wyatt Mozingo"
"1502","151738","Samantha Gaudette"
"1503","199761","Roman Plutenko"
"1504","178078","Corey Behrens"
"1505","170087","Andrew Aronson"
"1506","200133","Nigel Heath [Master]"
"1507","206055","Tracy Usher [Grand Master]"
"1508","198025","Luke Shingledecker [Apprentice Master]"
"1509","206150","Mike Hecky [Grand Master]"
"1510","180506","Andrew Fraser [Master]"
"1511","200598","Christopher Klotz [Master]"
"1512","177369","Daniel Fien [Grand Master]"
"1513","206170","Rob Hodson [Grand Master]"
"1514","201240","Denys Deschambeault [Great Grand Master]"
"1515","202742","John Sykes [Grand Master]"
"1516","199259","Jeff Fullerton [Master]"
"1517","137090","Kevin Doyle [Grand Master]"
"1518","185776","Jerry Smith [Master]"
"1519","188646","Benoit Lesperance [Apprentice Master]"
"1520","187190","Steven Leach [Master]"
"1521","194324","GREG WAGHORNE [Master]"
"1522","126565","Lisa Pelling [Master]"
"1523","180536","Steven Cofer [Grand Master]"
"1524","201214","Joseph Hidalgo [Grand Master]"
"1525","207165","Kurt Ofer [Grand Master]"
"1526","172458","Douglas Bargar [Grand Master]"
"1527","205388","Tom French [Master]"
"1528","170347","Kris  Werner [Apprentice Master]"
"1529","203944","James Stanley [Grand Master]"
"1530","161930","Peter Britton [Grand Master]"
"1531","204802","GEORGE M Peet [Great Grand Master]"
"1532","195672","Jean Levac [Apprentice Master]"
"1533","191055","Campbell Alexander"
"1534","USA 204410","Brandon Lee  Kirby"
"1535","206611","Francis Hawley"
"1536","204770","Erich MONES RUIZ"
"1537","178530","Matthew Schon"
"1538","164356","Michael Reddaway"
"1539","188663","Erik Weis"
"1540","204106","Thomson Butcher"
"1541","USA 190409","Bryce Andreasen"
"1542","192015","Ty Baird"
"1543","USA 207223","Brandon Kirby"
"1544","194473","Will Abrams"
"1545","124764","Jules Bettler"
"1546","161880","Grant Shogren"
"1547","200594","Sean Grealish"
"1548","171024","Craig Leonard"
"1549","181254","Benjamin Sturmer"
"1550","188095","Paul Zinger"
"1551","184383","Jack Leffingwell"
"1552","156969","william akridge"
"1553","187868","Margaret Podlich"
"1554","137777","Michael J. Waters"
"1555","161965","David Valentine"
"1556","188111","John Sturman"
"1557","204105","David Ryden"
"1558","100787","Don Silva"
"1559","184401","Matt Craven"
"1560","CAN 197160","Parker Dittmore"
"1561","188702","Roger Link"
"1562","195478","Mike Moore"
"1563","199180","Scott Williamson"
"1564","156552","Sam Hopkins [Master]"
"1565","203636","Henry Machum"
"1566","206606","Luke Ruitenberg"
"1567","194503","Sandy Beatty"
"1568","206123","Bryant Wood"
"1569","207248","Victor Sullivan"
"1570","183856","Josh Saltmarsh"
"1571","170765","JACK ZINN"
"1572","179495","Jamie Carter"
"1573","174233","Chris Morin"
"1574","175233","Steve Kirkpatrick"
"1575","186504","Cooper Siepert"
"1576","177018","Jeffrey Boudreau"
"1577","167177","Christian Vienneau"
"1578","171061","Philip Kersten [Master]"
"1579","168515","Stu Nickerson [Great Grand Master]"
"1580","165130","Skip Willauer [Master]"
"1581","121301","Chris Bollengier [Apprentice Master]"
"1582","184540","Lucie Cook [Grand Master]"
"1583","184468","Gareth Orkney [Apprentice Master]"
"1584","194033","Will  Donaldson [Apprentice Master]"
"1585","187966","Chris Gordon [Apprentice Master]"
"1586","208583","Simon Bell"
"1587","200539","Ash Beatty"
"1588","206086","douglas seeman"
"1589","156673","Blair Dryden"
"1590","178841","Ted Harris"
"1591","125076","Tim  Dixon"
"1592","100669","Bill Hanson"
"1593","116222","Todd Merrill"
"1594","161943","Bryan Burke"
"1595","200407","John Dixon"
"1596","165971","John Sepanski"
"1597","182817","Ian Moriarty"
"1598","132861","Daniel Assyia"
"1599","206547","Glenn Walker"
"1600","166937","Charles Usher"
"1601","187981","DOUG SHERWOOD"
"1602","205450","Joseph Murphy"
"1603","175537","Jason Ipe [Apprentice Master]"
"1604","168447","Greg Merz [Grand Master]"
"1605","199986","David Mooney [Apprentice Master]"
"1606","175892","Jacob Donkersloot [Great Grand Master]"
"1607","173046","Mitch Grieg [Great Grand Master]"
"1608","194477","Tyler Munchmeyer"
"1609","203643","Daniel  O farril"
"1610","181191","Tom  Ramshaw"
"1611","NOR 204758","Kristian Ruth"
"1612","201382","Mathias Mollatt"
"1613","207130","Robert Davis"
"1614","201111","Hermann Tomas"
"1615","197731","Evert McLaughlin"
"1616","Nor 205733","Henrik Begby"
"1617","199334","John Hench"
"1618","169553","Nicholas Lovisa"
"1619","201288","Per Nordstrom"
"1620","197116","Matthew Ryder"
"1621","180525","Gabriel Salk"
"1622","205424","David Suder"
"1623","199566","RICK Raduziner"
"1624","169802","Steve Willett"
"1625","175130","peter strumph"
"1626","206559","Rich Glovin"
"1627","192888","John Doval"
"1628","188910","Elizabeth Mekjavich"
"1629","201279","Jayson Johnson"
"1630","165168","alejandro Holz"
"1631","204751","Santiago Holz"
"1632","180543","Raymond Flynn"
"1633","181296","Tony Corkell"
"1634","131476","ROBERT SIMAC"
"1635","117707","Simon Fahr"
"1636","200603","Emerson D. Cowart, Jr. [Junior]"
"1637","208107","Finn Hassing"
"1638","156794","Austin Williams"
"1639","207143","Ernesto Rodriguez [Master]"
"1640","208592","John MacCausland [Master]"
"1641","207152","Mike Hecky [Grand Master]"
"1642","166047","John Dawson-Edwards [Great Grand Master]"
"1643","158670","Ron Thompson [Master]"
"1644","148392","Erik Langendal [Apprentice Master]"
"1645","170719","Nabeel Alsalam [Great Grand Master]"
"1646","194621","Marc Carre [Master]"
"1647","181814","Mark Foster [Grand Master]"
"1648","GBR 203313","Michael Hicks [Grand Master]"
"1649","208095","Lindsay Hewitt [Great Grand Master]"
"1650","181125","Max guerriero"
"1651","194070","Skylar Bayman"
"1652","175580","Paul Streater"
"1653","169529","Michael Morran"
"1654","206126","Alex Schwinn"
"1655","204111","Alexander Hankins"
"1656","158824","Nicholas Dunphey"
"1657","187239","Alex Moody"
"1658","208068","Parker Klebahn"
"1659","192948","Robbie O'Brien"
"1660","154206","Joshua Siudyla"
"1661","194247","Michael Levy"
"1662","184545","Christopher Williams"
"1663","175254","Kieran Sweeney"
"1664","190449","Peter Hallemeier"
"1665","208839","Peter Vessella"
"1666","199155","Chris sheldon"
"1667","205452","Joseph Mozzone"
"1668","206614","James Pulsford [Junior]"
"1669","199564","Nick Cave"
"1670","179518","Chris Boome120502x"
"1671","118041","Greg Pfeiffer"
"1672","184415","hendrik bruhns"
"1673","196174","Roger Herbst"
"1674","208766","Andrew Haliburton"
"1675","206063","Bill Symes"
"1676","178164","Hernan  Peralta [Apprentice]"
"1677","203313","Michael Hicks [Grand Master]"
"1678","189772","Robert Hallawell [Master]"
"1679","185917","Leigh Savage [Grand Master]"
"1680","192929","Andy Culver [Master]"
"1681","182799","chip whitesides [Grand Master]"
"1682","192585","Paul Scullion [Apprentice]"
"1683","207153","Jonathan Phillips [Master]"
"1684","190263","Martin Bonsager"
"1685","211200","Scott Muyskens"
"1686","169653","William Berry"
"1687","195583","Kevin Gillman"
"1688","137174","Thomas Lemaire"
"1689","165144","Lyle Fielding"
"1690","179439","Kathryn Shiber"
"1691","176033","Clark Robertson"
"1692","100820","Stu Nickerson"
"1693","IVB280841","Thad Lettsome [Junior]"
"1694","183727","Colin Rathbun [Apprentice Master]"
"1695","IVB1945538","Jason Putley [Junior]"
"1696","206164","Chris Wilson"
"1697","187208","Nicholas Lyons"
"1698","184533","David Teale"
"1699","174215","Kenneth Davis"
"1700","199730","Todd Blekicki"
"1701","189098","Stephan Yelland"
"1702","155458","Guy Thomas"
"1703","140732","Christopher Moore"
"1704","144151","Thomas Hutton"
"1705","194118","Keith Barron"
"1706","205405","John Ryan"
"1707","194620","Alex Jacob"
"1708","168520","Ned Cabot"
"1709","194805","Keith Cowley"
"1710","159451","Guy Thomas"
"1711","198623","Joe Burcar [Apprentice Master]"
"1712","162305","Niclas Bornling [Apprentice Master]"
"1713","156984","Jason McCormack [Apprentice Master]"
"1714","206057","Jacques Garrigues [Great Grand Master]"
"1715","191568","Mike Goldfarb [Grand Master]"
"1716","170820","Brandon Dickerman"
"1717","190459","Ryan Werden"
"1718","173636","Benjamin Siegel"
"1719","182958","Robert Burke"
"1720","170114","Jane Burke"
"1721","199359","Will Benedict"
"1722","177038","Harry Schmidt"
"1723","190434","Kevin Cassidy"
"1724","197130","Brian Daley"
"1725","171656","Rich Laffey"
"1726","187956","Alexander Goldberg"
"1727","167421","Kevin Orff"
"1728","175590","Kelly Soich"
"1729","206099","Ian D McKeige"
"1730","208379","Ty Geiger"
"1731","154208","Blake Bentzen"
"1732","200595","Sean  Grealish"
"1733","167292","Matthew Goetting"
"1734","176994","Nathan Fast"
"1735","175585","Mike Ehnot"
"1736","207150","william lawson"
"1737","199583","Brendan  Gilman"
"1738","186501","Adam Wolnikowski"
"1739","155584","Skylar Bayman"
"1740","151911","Carson Shields"
"1741","195670","John Eckart"
"1742","154387","tyler peyatt"
"1743","153077","Dustin Henning"
"1744","196159","Thomas Londrigan [Master]"
"1745","195958","Lou Dixon [Grand Master]"
"1746","151890","Michael Evans [Open]"
"1747","196164","Luke Burke [Junior]"
"1748","200543","Konrad Powell [Junior]"
"1749","104776","Dylan Londrigan [Junior]"
"1750","135992","Peter Wise [Grand Master]"
"1751","175959","Bob Turner [Great Grand Master]"
"1752","185317","Joshua Temko"
"1753","166007","Ray Dunn"
"1754","168349","Dawson  Doucet"
"1755","116842","louis doucet"
"1756","198010","Crockett Collier"
"1757","199567","Al Sargent [Master]"
"1758","205506","Walt Spevak [Grand Master]"
"1759","208831","Rob Hodson [Grand Master]"
"1760","156877","Paul Miachika [Grand Master]"
"1761","145287","Madelin Adams"
"1762","145207","Kevin King"
"1763","206118","Justin NORTON [Open]"
"1764","204411","Jack GOWER [Junior]"
"1765","208838","Mike MATAN [Master]"
"1766","197124","Paul STREATER [Junior]"
"1767","187843","Prescott COLEMAN [Junior]"
"1768","208413","Paul LOBREE [Junior]"
"1769","104641","Jack BRUCE [Junior]"
"1770","206613","Freddie SAMBOLIN [Grand Master]"
"1771","208751","Bill McKENZIE [Great Grand Master]"
"1772","339998","Rick ERICSON [Grand Master]"
"1773","158730","Sebastian GUARCH [Junior]"
"1774","199940","Jason Brown"
"1775","178532","Mike Bruno"
"1776","159865","Christa Georgeson"
"1777","210321","Peter Tarsney"
"1778","171596","Jack Stancil"
"1779","168327","Mark Aspland"
"1780","165142","Rob Bowden"
"1781","145373","Joseph Aspland"
"1782","208411","Richard DIDHAM"
"1783","179197","Jose GUTIERREZ"
"1784","196087","Ross MURDOCH"
"1785","196859","Tristan LARA"
"1786","101574","Will GLENN"
"1787","209702","Michael PARRAMORE"
"1788","208761","Rick Strilky"
"1789","187719","William Orr"
"1790","166077","Molly McMahon"
"1791","170817","William Summers"
"1792","170722","Csilla Gal"
"1793","175945","Jolie Roetter"
"1794","176978","Magda Bugajska"
"1795","182928","Francisco Abriani"
"1796","110836","ken kleinschrodt"
"1797","120000","leonard luiten"
"1798","200615","Max Guerriero"
"1799","190275","Griffin Orr"
"1800","166127","Robert  Bents"
"1801","159815","John Porter"
"1802","181781","Mark Thompson"
"1803","203941","henry omirly"
"1804","200618","Barry Stevens"
"1805","208041","Frederic (Tex) Poor III"
"1806","207116","Tom Rankin"
"1807","147035","Marcel Sloane"
"1808","209352","Robert Camp [Great Grand Master-M]"
"1809","176948","John izmirlian [Great Grand Master-M]"
"1810","206110","Lance Kim [Apprentice Master-M]"
"1811","210876","David Hiebert [Master-M]"
"1812","206154","monica wilson [Master-F]"
"1813","210335","Daniel Neri [Grand Master]"
"1814","209266","Chris Ellyatt [Master]"
"1815","209076","Steve Phillips [Master]"
"1816","155677","Per Lovfald [Master]"
"1817","187991","Geoffrey Durno [Master]"
"1818","168421","James Graham [Great Grand Master]"
"1819","208054","Al Clark [Grand Master]"
"1820","195867","Tim Law [Grand Master]"
"1821","209082","Michael Hooper [Master]"
"1822","188884","David Elliott [Great Grand Master]"
"1823","187767","Jerzy Sliwinski [Grand Master]"
"1824","204424","Scott Rasmussen"
"1825","195445","Jensen McTighe"
"1826","206097","Chase BURWELL"
"1827","208837","Michael Hicks [Grand Master]"
"1828","168498","Scott Vogel [Grand Master]"
"1829","208017","Ryan Blake [Apprentice Master]"
"1830","209473","Roberto Porter [Master]"
"1831","158808","Mihai Cosereanu [Grand Master]"
"1832","186527","Michael Kitner [Grand Master]"
"1833","190287","Timothy Ryan"
"1834","177342","Andre Ristaino"
"1835","170745","Andrew Kok"
"1836","177129","Chad Patton"
"1837","194171","David Valentine"
"1838","173694","Walt Mintkeski"
"1839","172491","Matthew Cohen"
"1840","184456","Daniel Petrovic"
"1841","USA194181","Mark van den Driessche"
"1842","206591","Jesse  Mcknight"
"1843","197045","Peter Neal"
"1844","207163","Jason Artof"
"1845","159789","Braedon Baum"
"1846","206586","Drea Keswater"
"1847","210544","Peter Vessella"
"1848","208842","Joe Berkeley"
"1849","209637","david Ornstein"
"1850","162077","Parker Colantuono"
"1851","199742","Tom Lemaire"
"1852","129513","Martin Bulanowski"
"1853","198878","Nigel Heath [Master]"
"1854","174013","Richard Roberts [Grand Master]"
"1855","182587","Duncan Whitrow [Apprentice Master]"
"1856","179469","Tobin Young [Master]"
"1857","180828","Peter Seidenberg [Great Grand Master]"
"1858","209666","Chris Klotz [Master]"
"1859","187186","Tim Woodford [Master]"
"1860","187848","Rob Koci [Grand Master]"
"1861","140787","Natalya Gontcharova [Apprentice Master]"
"1862","182962","Jack Pearce [Great Grand Master]"
"1863","209074","Michele Loewen [Master]"
"1864","178612","Sally Sharp [Great Grand Master]"
"1865","168418","Sydney Sewall [Great Grand Master]"
"1866","210632","Philippe Boisclair [Master]"
"1867","177696","Howard Harris"
"1868","179134","Brad Dunn"
"1869","173172","Charles Williamson"
"1870","117864","david filiberto"
"1871","169774","Scott Possee"
"1872","187871","Colin Lange"
"1873","165880","patrick grey"
"1874","162390","Hendrik Reidel"
"1875","159819","Connor Jacobsen"
"1876","169769","Dan Dunham"
"1877","160969","Trip Hook"
"1878","166960","Sarah Ugarte"
"1879","129493","Eduardo Ugarte"
"1880","208410","Richie Gordon [Junior]"
"1881","198363","Andrew Puopolo [Open]"
"1882","209071","Jack Marshall [Open]"
"1883","209075","Gord Welsh [Open]"
"1884","209289","Peter Hurley [Master]"
"1885","182764","Nicholas Burroughs [Open]"
"1886","194505","Eric Reitinger [Open]"
"1887","209694","Brendan Gilman [Junior]"
"1888","101606","Rick Wood [Master]"
"1889","156666","Dylan Farrell [Open]"
"1890","189732","David Rumbaugh"
"1891","196051","Roger Herbst"
"1892","181847","Julian Soto"
"1893","194248","David Wyllie"
"1894","167135","Jim Margeson"
"1895","187405","Bob Gunion"
"1896","185940","William Folk"
"1897","206556","Michael Levy"
"1898","208071","Axel Greening"
"1899","208045","Michael Chesher"
"1900","171880","Steven Schwartz"
"1901","187952","Cole Daitch"
"1902","166163","Brent Barbehenn"
"1903","198358","Frankie Doyle"
"1904","209655","Harris Padegs"
"1905","189769","WILLIAM  BEDFORD"
"1906","192637","Reid Shanabrook"
"1907","185761","Tommy Szymanski"
"1908","196280","Annabelle Ayer"
"1909","210194","Garrett McKinnon"
"1910","138713","Ellen Fuller"
"1911","187810","Julia Jeffries"
"1912","185427","Sarah Jacklin"
"1913","187362","Nicole Torrie"
"1914","173184","Chloe Brown"
"1915","179219","Ari Novick"
"1916","171188","John Fewell"
"1917","172022","Peyton Hassinger"
"1918","USA 207144","Stanley Carraway"
"1919","206588","David Guggenheim"
"1920","200018","Richard Akers"
"1921","132779","alan barton"
"1922","162178","Nora  O'Donnell"
"1923","132734","Conor Queenan"
"1924","PUR175598","Manuel Gonzalez"
"1925","169329","Cary Comer"
"1926","186572","Michael Ehnot"
"1927","195967","Thomas Quinn"
"1928","206136","Allie DeLuca"
"1929","184647","Michael Pinto"
"1930","126682","Nicole Moeder"
"1931","193945","Nicholas Stefanoni"
"1932","187959","David Manley"
"1933","185491","Christopher Araujo"
"1934","187854","Mack Totman"
"1935","209728","Jody Smith [Grand Master-M]"
"1936","177286","Clayton Karmel [Grand Master-M]"
"1937","116185","Kent Lawson [Master-M]"
"1938","208583","Simon Bell [Master-M]"
"1939","677237","vito bialla [Great Grand Master-M]"
"1940","165014","Matthew Doll"
"1941","188944","Alex Johnson"
"1942","188943","Reis Dempsey"
"1943","176241","Pablo Freire"
"1944","185844","John O'Riordan"
"1945","204460","Forrest wachholz"
"1946","206050","Chase Burwell"
"1947","204461","James Juhasz"
"1948","207100","Scott Collinson"
"1949","206719","Noah Collinson"
"1950","210643","Carson Shields"
"1951","209325","Robert Camp"
"1952","173954","Michael Sanandajian"
"1953","180192","Enrique Arathoon"
"1954","210539","Ford McCann"
"1955","188778","Matias Dyck"
"1956","209376","Luke Ruitenberg"
"1957","210460","Gage Wilson"
"1958","108411","Paul Didham"
"1959","195876","Jack Marshall"
"1960","203193","Agustin Vidal Incatasciato"
"1961","209749","Gerald Williams"
"1962","209684","Tom Dailey [Master]"
"1963","210686","Ari barshi [Master]"
"1964","209634","William Rothwell [Master]"
"1965","201939","Ashley Deakin [Master]"
"1966","200180","John Brooman [Master]"
"1967","169753","Ulf Westhoven [Master]"
"1968","179836","Tim Davis [Master]"
"1969","189810","John Tagliamonte [Master]"
"1970","209712","Wayne Colahan [Grand Master]"
"1971","177370","JAMES DASILVA [Apprentice Master]"
"1972","175954","William Lynn [Master]"
"1973","209333","Charlie Brewer [Master]"
"1974","209366","Jean-Francois Guillou [Master]"
"1975","203953","Ledyard McFadden [Master]"
"1976","150713","Philip Smith [Grand Master]"
"1977","195870","STEFAN KREMER [Master]"
"1978","209265","Michael Hicks [Grand Master]"
"1979","187364","Gilmore O'Neill [Master]"
"1980","175879","Kay VanValkenburgh [Master]"
"1981","185497","Benjamin Richardson [Apprentice Master]"
"1982","197570","Malcolm Macnaught [Master]"
"1983","167393","Bob Winter [Master]"
"1984","189731","Michael Hynds [Grand Master]"
"1985","206556","Michael Levy"
"1986","187761","Matthew Galbraith"
"1987","183747","Brad Linthicum"
"1988","194006","Thomas Kanatous"
"1989","208105","Ian Hunter"
"1990","209704","Michael Hecky [Grand Master]"
"1991","162427","Christine Neville [Apprentice Master]"
"1992","209615","Peter Hallemeier [Master]"
"1993","131614","Rachel Gruzen [Apprentice Master]"
"1994","154443","Tom Gutow [Master]"
"1995","191498","alain Vincey [Great Grand Master]"
"1996","210675","David M Crawley [Grand Master]"
"1997","190168","Tom Phipps [Grand Master]"
"1998","200334","David Ryan [Grand Master]"
"1999","171034","Robert Ferro [Master]"
"2000","210530","Howard Balch [Master]"
"2001","210173","Jean-Yves Fillion [Grand Master]"
"2002","105813","Rudolph Ratsep [Grand Master]"
"2003","171880","Steven Schwartz"
"2004","147421","J. J. Mirisola"
"2005","151722","Bryn Clark"
"2006","145378","Joseph Aspland [Open]"
"2007","168518","Mark Sherry [Master]"
"2008","173253","Lloyd Butler [Apprentice Master]"
"2009","150149","Josh Lindsay"
"2010","140544","William Gilden"
"2011","153314","John McGee"
"2012","175410","Eric Norman"
"2013","200380","Davis Chase"
"2014","200216","Jack Murray"
"2015","199350","Sam Chase"
"2016","210331","Hendrik Reidel"
"2017","175953","Dan Hauserman"
"2018","166130","Michael Gillum"
"2019","187200","Chris Ganne"
"2020","196872","W Nicholas Pullen"
"2021","180114","Ryan Conner"
"2022","172474","David Bourke"
"2023","199993","Bjorn Antell"
"2024","188913","Andrew Bourke"
"2025","192950","Greg Pfeiffer"
"2026","167379","Maxwell Roske"
"2027","103130","Jorge Iriso"
"2028","212064","Carson Shields"
"2029","160049","DEON VAN DER WALT"
"2030","187849","Evan Williams"
"2031","204102","Jack Hattendorf"
"2032","174254","Tim Ponter"
"2033","176218","Clinton Hodges"
"2034","180275","Eileen Blute"
"2035","178849","Bryant Bowington"
"2036","166858","Indre Jankeviciute"
"2037","204104","Brian Hannan"
"2038","181864","Marten Kendrick"
"2039","209743","Hunter Keating"
"2040","133752","Marcin Koziarski"
"2041","182346","Peter Hopple"
"2042","175133","Matt Hersey"
"2043","188668","Richard GRAEF"
"2044","209387","Mitch POLGAR"
"2045","171880","Steven SCHWARTZ"
"2046","153266","Juan Pablo de YTURBE SORDO"
"2047","134628","Christopher Stow"
"2048","188122","Aleksei Semeniuk"
"2049","150107","Bryan Gregory"
"2050","185838","David LeGrand"
"2051","192498","Robbie O'Brien"
"2052","207166","Richard Didham"
"2053","208029","carsten Steenberg [Grand Master]"
"2054","203609","Roman Plutenko [Master]"
"2055","209724","Mike Hecky [Grand Master]"
"2056","USA 210711","John MacCausland [Grand Master]"
"2057","210648","David Hillmyer [Apprentice Master]"
"2058","211640","Lindsay Hewitt [Great Grand Master]"
"2059","209073","Britt Hughes [Grand Master]"
"2060","197121","Scott Salter [Master]"
"2061","216111","Rick Ericson [Grand Master]"
"2062","200123","Russell Cole [Grand Master]"
"2063","181188","jim irwin [Great Grand Master]"
"2064","158625","Carey Jones [Master]"
"2065","208074","David Elliott [Great Grand Master]"
"2066","210711","John MacCausland [Grand Master]"
"2067","209747","Scott Williamson [Apprentice Master]"
"2068","210619","Ted Morgan [Master]"
"2069","206107","Matt Craven [Grand Master]"
"2070","152049","Christopher Stone [Grand Master]"
"2071","209369","John Surguy [Master]"
"2072","210644","James Juhasz [Junior-M]"
"2073","209346","Kevin Wiersma [Open-M]"
"2074","209620","Jake vickers [Junior-M]"
"2075","186146","Vir  Menon [Open-M]"
"2076","116768","Gordie Anderson [Master-M]"
"2077","185509","David Grace [Junior-M]"
"2078","208377","Ian Struthers [Grand Master-M]"
"2079","205469","Nathan Fields [Open-M]"
"2080","200572","John Overton [Apprentice Master-M]"
"2081","198396","Robert Gruskos [Open-M]"
"2082","184457","Peter Patnaude [Master-M]"
"2083","168280","James Carrick"
"2084","162440","Preston Duclos [Open]"
"2085","212116","Bill Dickey [Master]"
"2086","190411","Thomas Capozzi [Open]"
"2087","148687","robert norvell"
"2088","124423","clayton register"
"2089","212598","Sam Reilly"
"2090","183834","aili Moffet"
"2091","188844","Fischer Nathan"
"2092","168598","Colin McCabe"
"2093","208109","Gustavo Tenrreiro"
"2094","208567","Peter McGriff"
"2095","177117","Dustin Brennan"
"2096","196168","Aaron Helmly"
"2097","200585","Christopher Young"
"2098","212611","Scott Williamson"
"2099","209383","Caleb Robinson [USSHM]"
"2100","208381","Cameron Feves [USSHM]"
"2101","200589","Caleb Yoslov"
"2102","207119","Jackson Wagner"
"2103","204070","Chad Coberly [USSHM]"
"2104","206105","Michael  Munger [USSHM]"
"2105","184565","Gabriel El Hajji [USSHM]"
"2106","208383","Alex Moody [USSHM]"
"2107","210667","Darius Mienville [USSHM]"
"2108","174227","Rudi Arntson [USSHM]"
"2109","198375","Andrew Geist [USSHM]"
"2110","210690","Robert Hallawell"
"2111","200236","Ben Rizika [USSHM]"
"2112","190480","Lukas Kraak [USSHM]"
"2113","185518","Hal Gilreath"
"2114","1872000","Chris Ganne"
"2115","198694","sanjai kohli"
"2116","209072","Mark Ross [Grand Master]"
"2117","199904","Greg Jackson [Grand Master]"
"2118","203653","Tony Martin [Grand Master]"
"2119","171158","Jay Leon [Master]"
"2120","112322","Bill Eimstad [Great Grand Master]"
"2121","180140","Rick Welch [Grand Master]"
"2122","187795","Robert Bear"
"2123","168670","Ron Thompson"
"2124","178610","David Tabor"
"2125","205459","Chase Reynolds"
"2126","207217","John Kirkpatrick"
"2127","207218","Steven Kirkpatrick [Master]"
"2128","210677","Andy Roy [Grand Master]"
"2129","212432","Matt Fisher [Grand Master]"
"2130","212128","Peter Shope [Grand Master]"
"2131","208840","Bruce Clifford [Grand Master]"
"2132","172114","john swanson [Master]"
"2133","212926","Jno Disch [Apprentice Master]"
"2134","210199","Rich Klajnscek [Grand Master]"
"2135","120876","Hank Wissenz [Grand Master]"
"2136","209626","Keith Kennedy [Great Grand Master]"
"2137","210631","Don Hahl [Great Grand Master]"
"2138","204095","Joe Folds [Master]"
"2139","156838","Rick Hayden [Grand Master]"
"2140","165950","Wayne Knibloe [Great Grand Master]"
"2141","177675","Michael Huffman [Grand Master]"
"2142","210671","Chris Ellyatt [Master]"
"2143","199330","BILL MCLAUGHLIN [Grand Master]"
"2144","181821","Francis Lavallee [Master]"
"2145","173941","Ken Walton [Apprentice Master]"
"2146","210655","ANDREW DICKSON [Grand Master]"
"2147","210102","Niclas Bornling [Master]"
"2148","201318","Mitchell Martin"
"2149","175485","Nilah Miller"
"2150","206539","Daniel Petrovic"
"2151","184116","Stephen Kosacz"
"2152","166971","Chris Henkel [Apprentice Master]"
"2153","169785","Chris Houston [Grand Master]"
"2154","183877","Aaron Freeman [Apprentice Master]"
"2155","156619","Daniel Vought [Master]"
"2156","209698","Rob Emmet [Grand Master]"
"2157","211594","Andy Lovell"
"2158","186549","Savannah Core"
"2159","132734","Conor Queenan"
"2160","170345","Rob Bowden"
"2161","206385","Collin Porter"
"2162","152939","Hal Gilreath"
"2163","155269","Chris Duer"
"2164","170336","Alan Barton"
"2165","176080","Eric Oetgen"
"2166","179511","Geoffrey Werner"
"2167","193968","Kent Jones"
"2168","154170","Peter Wood"
"2169","5435245","Sally Tester [Junior-F]"
"2170","184454","Hal Gilreath [Grand Master]"
"2171","184447","Alexander Birukoff [Apprentice Master]"
"2172","176249","Karel Wagner"
"2173","204822","Arthur Leiz"
"2174","288000","Stephen Cosola"
"2175","183779","Jonathan O'Brien"
"2176","205408","Frank Ciriello"
"2177","196112","Kenny Preston"
"2178","209623","Carter Cooper [Open]"
"2179","102401","Jeff Wong [Grand Master]"
"2180","198400","Susie Pegel [Grand Master]"
"2181","156895","TOM ADAMS [Master]"
"2182","182031","Hyde Perce [Master]"
"2183","167242","korbin kierstead [Open]"
"2184","165896","John Scherer [Master]"
"2185","130382","Jean-Michel Bus"
"2186","162279","Jake OBrien"
"2187","142607","Colin Hosking"
"2188","212448","Charles Goell"
"2189","212448","Charles Goell"
"2190","195937","Soenke Jordan"
"2191","211536","David Alexander"
"2192","211538","John Alexander"
"2193","211537","William Alexander"
"2194","182425","Rachel Grace"
"2195","189783","Ian Street"
"2196","208760","Jordan Bendura"
"2197","199980","Mark m Bourdin"
"2198","170331","Magnus Weissenberger"
"2199","136845","Andrew Witter"
"2200","197618","Jackson Montague"
"2201","166915","andrew Ciszewski"
"2202","178575","Madison Norris"
"2203","132899","Alex Walters"
"2204","187977","Jack Cabell"
"2205","203629","Morey Levy"
"2206","200622","Logan Hayes"
"2207","197129","Michael Mason"
"2208","205406","Walter Ralph"
"2209","204069","Corbin Voorhees"
"2210","194577","Abigail Setzfand"
"2211","191980","Joshua Almany"
"2212","168278","Lucas Orta"
"2213","169389","Joshua Becker"
"2214","200368","Evie Wensell"
"2215","169629","Tyler Mowry"
"2216","203642","Garrett  Levy"
"2217","197995","Noah Kullman"
"2218","152041","Britt Cortina"
"2219","189748","Ryan Stephens"
"2220","203640","Nicolas Lennarz"
"2221","142498","Jack McKenna"
"2222","164214","Wade Anthony"
"2223","182375","Sarah Grace"
"2224","142480","Charlotte Patterson"
"2225","157851","MaggieAnne Clifton"
"2226","151838","Michael Sanandajian"
"2227","204092","Chris Manick"
"2228","210305","Scott Ferguson [Grand Master]"
"2229","212934","Mark Bear [Grand Master]"
"2230","193301","Paul Clifford [Grand Master]"
"2231","184505","Bob Kinsman [Apprentice Master]"
"2232","193354","Theresa Colantuono [Master]"
"2233","162443","Syd Sewall [Great Grand Master]"
"2234","188886","Ryosuke Sakai [Master]"
"2235","211825","Terence Britton [Master]"
"2236","170778","Gareth Orkney [Apprentice Master]"
"2237","209363","Peter Hopple [Apprentice Master]"
"2238","185542","Phillip Andrews [Grand Master]"
"2239","133929","Nat Hammatt"
"2240","209344","Greg McGauley"
"2241","172453","Matt Haas"
"2242","205393","Thomas Smith [Junor]"
"2243","210540","Robert Frechette [Senior]"
"2244","314159","daniel payne"
"2245","170667","Willem Flaugher"
"2246","184634","Eli Putnam [Apprentice Master]"
"2247","149984","scott Olson [Master]"
"2248","175550","Nevin Williams [Junior]"
"2249","204389","Dave Leuck"
"2250","186558","John Siegel"
"2251","185872","J Denton"
"2252","166998","Mike Taylor"
"2253","175237","Jasper Van Vliet"
"2254","181837","mark Wiatrowski"
"2255","116527","Peter Eastman"
"2256","178564","Larry Nociolo"
"2257","156689","Patrick Hitpas"
"2258","126807","Philip Angello"
"2259","178596","Jakob Ringberg"
"2260","170683","Andrew Zangle"
"2261","209372","Peter Jones"
"2262","161105","Mike Simon"
"2263","206615","Brandon Cassard"
"2264","196285","Eric Roman"
"2265","211539","Cullen Bryant"
"2266","168226","Henry Millette"
"2267","194290","JT Hughes"
"2268","115170","James Burrell"
"2269","198051","Jeff Evans"
"2270","166117","John Sepanski"
"2271","171143","Paul Todd Merrill"
"2272","210480","David Perez"
"2273","208550","Matti Muru"
"2274","209616","Forrest Wachholz"
"2275","195471","Ryan Wood"
"2276","206718","Scott Collinson"
"2277","198057","Kyle Sudds"
"2278","204115","Kurt Taulbee"
"2279","206038","Liam Bruce"
"2280","204098","Scott Ferguson [Grand Master]"
"2281","212867","David Hiebert [Master]"
"2282","212868","Patrick Wachholz [Master]"
"2283","GBR 208837","Michael Hicks [Grand Master]"
"2284","212125","Mike Hecky [Grand Master]"
"2285","213145","Chris Ellyatt [Grand Master]"
"2286","195656","Robert Breslin [Master]"
"2287","210113","Carey Jones [Master]"
"2288","199203","Loren Hoffman [Great Grand Master]"
"2289","173258","Matt Lynch [Master]"
"2290","211593","Matt Doherty [Grand Master]"
"2291","212872","Dave Chapin [Grand Master]"
"2292","208878","Gordie Anderson [Master]"
"2293","173565","Drew DAVIDSON"
"2294","139027","Ryan BENNETT"
"2295","176108","Armand CANDEA"
"2296","118411","Chadwick  Harber"
"2297","210780","Federico Engelhard [Master]"
"2298","173252","Andres Boccalandro"
"2299","180485","connell Phillipps"
"2300","149074","Dan Ouellet"
"2301","125090","Chris Boome"
"2302","167138","Steven Meyers"
"2303","185854","Jeff Holder"
"2304","158658","Owen Lahr"
"2305","IND186146","Vir Menon"
"2306","209338","Malcolm b Smith"
"2307","199169","Kiefer Dresser"
"2308","USA 211822","Paul Didham"
"2309","210685","Joseph Hou"
"2310","208391","Ian Elliott"
"2311","210695","John Owen"
"2312","USA 197041","Kevin Taugher"
"2313","208069","Matthew Stranaghan"
"2314","210109","Robert Torok"
"2315","192937","Frank Glynn"
"2316","159042","ELI GROBIN"
"2317","207151","Faye Flam"
"2318","185853","David LeGrand"
"2319","112962","Peter Meissner"
"2320","211829","Paul Keohan"
"2321","173212","Andres Boccalandro"
"2322","176237","Daniel Dalgleish"
"2323","198356","Michael Sager"
"2324","197615","Lester Stern"
"2325","200208","Ed Marks"
"2326","#164375","Croix Farmer"
"2327","169472","ed spengeman"
"2328","176976","mark labor"
"2329","149920","T Troy Tolan"
"2330","208595","Edward Backman"
"2331","150872","Tyler Dooling"
"2332","186544","Charlie Anderson"
"2333","200199","Andrew Furey [Apprentice Master]"
"2334","214041","Bill Fuller [Grand Master]"
"2335","214030","Duncan Whitrow [Master]"
"2336","200021","BILL MCLAUGHLIN [Grand Master]"
"2337","188146","John Rae [Grand Master]"
"2338","187711","Shona Moss Lovshin [Master]"
"2339","169308","Jonathan Boocock [Master]"
"2340","213063","keith kennedy [Great Grand Master]"
"2341","185145","Jean Kassis [Grand Master]"
"2342","204804","George Pickering [Great Grand Master]"
"2343","212591","Matthew Hobbs [Apprentice Master]"
"2344","212626","RICHARD ROBERTS [Great Grand Master]"
"2345","212590","Aaron Hobbs [Apprentice Master]"
"2346","174278","Jonathan Ziskind"
"2347","190455","James Baurley"
"2348","153105","Rachel Cherry"
"2349","166841","Dennis Boyle"
"2350","188738","Keith Davids"
"2351","167248","Laura Windecker"
"2352","177347","John Van Voorhis"
"2353","140708","Guy Thomas"
"2354","180550","Dan Miller"
"2355","209723","Kevin Taugher"
"2356","199942","Blake Bentzen"
"2357","213415","Nikolas Chambers"
"2358","213414","Leif Sigmond"
"2359","191535","Thomas Vollbrecht"
"2360","208040","Greg Jackson"
"2361","212592","Andrew Holdsworth [Laser Radial]"
"2362","210636","Talia Toland [Laser Radial]"
"2363","208764","Doug Seeman [Laser Radial]"
"2364","214444","Brett Beyer [Laser]"
"2365","207120","Jack Baldwin [Laser Radial]"
"2366","212132","Rob Hodson [Laser Radial]"
"2367","212232","Leif Sigmond [Laser]"
"2368","170073","Emmett Nevel [Laser Radial]"
"2369","112707","Tim Player [Laser Radial]"
"2370","168544","Aidan Lane [Laser Radial]"
"2371","208065","Audrey Jacobs [Laser Radial]"
"2372","213071","Henry Merrilees [Laser Radial]"
"2373","124697","Evan Boyd"
"2374","181815","River  Iannaccone"
"2375","212623","Jack Fisher"
"2376","211834","Brian Leaver [Master]"
"2377","206115","Stefano Peschiera"
"2378","206051","Charlie Buckingham"
"2379","212845","Fillah Karim"
"2380","211981","Juan Maegli"
"2381","203724","Karl-Martin Rammo"
"2382","208869","Lee Parkhill"
"2383","213679","Hugh Macrae"
"2384","207144","Chase Carraway"
"2385","212130","Ford McCann"
"2386","212873","Ernesto Rodriguez"
"2387","USA 199338","Marshall McCann"
"2388","IVB 208841","Thad Lettsome"
"2389","212612","Justin Norton"
"2390","212229","Georg Haud"
"2391","215019","Liam Bruce"
"2392","181615","Juan Ignacio PEREZ Soltero"
"2393","177667","Carrter Pearce"
"2394","214004","Ben Childerley"
"2395","IND 186146","Vir Menon"
"2396","USA 160189","Christian Ehrnrooth"
"2397","181109","Jack Hemmelgarn"
"2398","211535","Bryan Trammell"
"2399","207227","Norman Struthers"
"2400","201278","Connor Murphy"
"2401","210869","James Golden"
"2402","204418","Brett Putnam"
"2403","214633","Pierre-Olivier Gagnon"
"2404","198013","Craig Berleme"
"2405","CAN 211542","Robert Davis"
"2406","112436","Enrique Arathoon"
"2407","182112","Gabriel Sanz-Agero"
"2408","166856","Chris Henkel"
"2409","212620","Philip Angelo"
"2410","213694","Patrick Modin"
"2411","167392","brian harris"
"2412","212622","Adm. Justin LaBarca"
"2413","159959","Abel Grosjean"
"2414","190278","Christof Bussen"
"2415","192050","hal gilreath"
"2416","168293","Spencer Barnes"
"2417","155527","Molly Gregory"
"2418","205371","Lars Kristensen"
"2419","199944","Brent Penwarden"
"2420","2061549","Chloe Hudgins"
"2421","135555","John Eckhart"
"2422","801279","Bryce Linker"
"2423","184399","Barry Stevens"
"2424","157799","Madeline Mulligan"
"2425","025104","Philip Logan"
"2426","169374","Dustin Hays"
"2427","198368","Jack  Melcher"
"2428","201233","Michael  Faugust"
"2429","18817791","Kate Moon"
"2430","215014","Armand Candea"
"2431","00000000","Chris  manick"
"2432","153369","Christopher Andersen"
"2433","172476","Nikolas Burkhart"
"2434","130317","Chris Simenstad"
"2435","176132","Mike Holden"
"2436","162029","Chris Breland"
"2437","162197","Matt Grove"
"2438","213062","Matthew Dupuy"
"2439","201316","Zack Smith"
"2440","144344","Addison Jones"
"2441","170081","Benjamin Kennady"
"2442","174265","Andrew Butler"
"2443","198158","Brian  Fisher"
"2444","166893","PJ Schaffer"
"2445","212123","Christine Neville"
"2446","207242","Nicolas Mabboux"
"2447","177230","Scott Bearse"
"2448","167258","Cameron Gottlieb"
"2449","189711","LANDON LAVERTY"
"2450","195599","Deven Hull"
"2451","185158","Hal Gilreath"
"2452","148989","Quinn Barton"
"2453","192329","Andy Culver"
"2454","205419","Hideki Saito"
"2455","199991","Dan Depew"
"2456","170712","Sergio Rizzo"
"2457","212433","jon andron"
"2458","133795","Evan Aras [Open]"
"2459","185530","ryan cutting [Open]"
"2460","188926","Cameron Summers [Open]"
"2461","190393","Andrew Wong [Open]"
"2462","187775","Alexander Heinzemann [Junior]"
"2463","173266","Ian Elliott [Open]"
"2464","190489","Ben Scott [Junior]"
"2465","172515","Ross Bennett [Open]"
"2466","190467","Kevin Grierson [Open]"
"2467","ISV194181","Mark Van Den Driesche"
"2468","185688","Colin Brego"
"2469","156548","Dustin Brennan [Open]"
"2470","182721","Mike Lorenz [Grand Master]"
"2471","191086","Dominic Van der Walt [Open]"
"2472","116908","Gage Larkin"
"2473","211838","John Hultquist"
"2474","151939","Christine Merkel"
"2475","159914","AIDAN BROWN"
"2476","198351","Dylan Hunt"
"2477","179214","Nicolas Hirschmann"
"2478","154492","Nora O'Donnell"
"2479","177646","Alex Tong [Laser Radial]"
"2480","174246","Frank Hart [Laser Radial]"
