,skipper,boat,lastName,
1,,gbr youth team,,
2,"""razmilovic,thomson,sabbadini""",swedish blue,,306
3,,kgb,,
4,"""kinney,gordon,bischoff""",kgb,,
5,,saz,,
6,bill abbott,clean execution,abbott,1
7,william abbott,clean execution,abbott,1
8,tom abley,china wight,abley,2
9,tom abrey,tbc,abrey,3
10,thomas abrey,usa 1266,abrey,3
11,lacy alex,NA,alex,216
12,robert allardice,usa 1185,allardice,5
13,allardice,usa 1185,allardice,5
14,barry allardice,usa 1185,allardice,5
15,b allardice,usa 1185,allardice,5
16,peter allen,usa 1147,allen,6
17,peter allen,usa 1090,allen,6
18,peter allen,leading edge,allen,6
19,b altman,mischief,altman,7
20,betsy altman,mischief,altman,7
21,betsy altman,"ex, cruel jane",altman,7
22,john amendola,entourage,amendola,8
23,john amendola,entourage racing,amendola,8
24,nick amendola,entourage,amendola,9
25,john amendola,2 th'max,amendola,8
26,nick amendola,usa 1063,amendola,9
27,"giles  anderson",vandal,anderson,10
28,giles anderson,vandal,anderson,10
29,andreadis,efyra iii,andreadis,
30,george andreadis,efyra iii,andreadis,11
31,george andreadis,efyra 3,andreadis,11
32,andreadis,efyra 3,andreadis,
33,stratis andreadis,efyra 3,andreadis,12
34,georgeåÊandreadis,efyra 3,andreadis,11
35,g andreadis,efyra 3,andreadis,11
36,stratis andreadis,efyra 1,andreadis,12
37,razmilovic ante,NA,ante,13
38,cameron appelton,fresh guidance,appelton,14
39,cameron appleton,gbr,appleton,14
40,cameron appleton,fresh guidance,appleton,14
41,stephane arsenault,usa 1145,arsenault,15
42,frank atkinson,usa 1266,atkinson,16
43,frank atkinson,usa 980,atkinson,16
44,frank atkinson,alliance,atkinson,16
45,bruce avery,skye,avery,17
46,joseph bainton,junkyard dog,bainton,18
47,charles baker,usa 1012,baker,19
48,nathan ballard,wallinator,ballard,20
49,jim batts,big wally,batts,21
50,batzer,"rhumb  line",batzer,22
51,ken batzer,rhumb line,batzer,22
52,charles bayer,grizzly,bayer,23
53,andy beadsworth,tquila,beadsworth,24
54,andy beadsworth,irl 1375,beadsworth,24
55,andy beadsworth,marinerscove,beadsworth,24
56,geoff becker,usa 1300,becker,25
57,marvin beckman,keep smiling,beckman,237
58,marvin beckman,NA,beckman,237
59,"marvin  beckman","keep  smiling",beckman,237
60,marvin beckmann,the martian,beckmann,237
61,marvin beckmann,the martian  (corinthian),beckmann,237
62,marvin beckmann,keep smiling,beckmann,237
63,andre beese,1010,beese,27
64,robert bell,fathom this - 2702,bell,28
65,"robert  bell","fathom  this",bell,28
66,robert bell,fathom this,bell,28
67,stephen benjamin,stella blue,benjamin,29
68,stephen benjamin,terrapin,benjamin,29
69,steve benjamin,scimitar,benjamin,29
70,steve benjamin,scimitar **,benjamin,29
71,steve benjamin,terrapin,benjamin,29
72,steve benjamin,terripin,benjamin,29
73,stephen benjamin,scimitar,benjamin,29
74,benjamin,scimitar,benjamin,29
75,steve benjamin,usa 1225,benjamin,29
76,jeff bennert,trouble,bennert,30
77,jack bernhardt,kick'em jenny,bernhardt,31
78,jack bernhardt,alliance,bernhardt,31
79,altman betsy,NA,betsy,7
80,senet bischoff,kgb,bischoff,33
81,clay bischoff,kgb,bischoff,34
82,senet  bischoff,kgb,bischoff,33
83,bischoff,kgb,bischoff,
84,jeff borland,make mine a double,borland,35
85,sharon bourke,john deere  (corinthian),bourke,36
86,sharon bourke,john deere,bourke,36
87,sharon & gerry bourke,john deere,bourke,36
88,bourke,NA,bourke,36
89,sharon bourke,ghost,bourke,36
90,kevin boyle,kick'em jenny,boyle,37
91,kevin boyle,usa 1211,boyle,37
92,kevin boyle,the eleven,boyle,37
93,tracy brand,mr. wilson,brand,38
94,jerry o'brien,wayward,brien,39
95,jerry o'brien,can 1231,brien,39
96,tim britton,trojan horse,britton,40
97,paige brooks,vice,brooks,41
98,rob brown,steampacket vi,brown,42
99,stuart bruce,minerva,bruce,43
100,stuart bruce,usa 800,bruce,43
101,vince brun,usa 1147,brun,44
102,vince brun,usa1147,brun,44
103,vince brun,usa 1262,brun,44
104,don brush,landed gentry  (corinthian),brush,45
105,don brush,landed gentry,brush,45
106,brush,usa 1309,brush,45
107,don brush,usa 1308,brush,45
108,don brush,1309,brush,45
109,don brush,us 1078,brush,45
110,d brush,us 1078,brush,45
111,brush,us 1078,brush,45
112,cribb buddy,victory,buddy,82
113,cribb buddy,NA,buddy,82
114,robert burgess,jester,burgess,47
115,russ burke,cassie,burke,48
116,david burrows,bedrock,burrows,49
117,bruce burton,firing line,burton,50
118,burton,firing line,burton,50
119,glenn burton,firing line,burton,50
120,bruce burton,gone....gray,burton,50
121,bruce burton,gonegray,burton,50
122,bruce burton,gone•À_gray,burton,50
123,bruce burton,gone‰Û_gray,burton,50
124,bruce & glenn burton,gone,burton,50
125,bruce burton,gone,burton,50
126,glenn & bruce burton,gone,burton,50
127,"glenn  burton",gone,burton,50
128,glenn burton,gone,burton,50
129,shannon busch,la tormenta,busch,51
130,chris busch,happy ending,busch,52
131,shannon w bush,la tormenta,bush,53
132,shannon bush,la tormenta,bush,53
133,bush,la tormenta,bush,53
134,cabassa,NA,cabassa,
135,callahan,sidewinder,callahan,55
136,jim callahan,sidewinder,callahan,56
137,argyle campbell,usa 1375,campbell,57
138,argyle campbell,1375,campbell,57
139,campbell,usa 1229,campbell,58
140,campbell,usa 1375,campbell,58
141,argyle campbell,usa 1229,campbell,58
142,jim capron,strings,capron,59
143,ben capuco,make mine a double,capuco,60
144,ralph carpenter,crapshoot,carpenter,61
145,ron carpenter,crapshoot,carpenter,62
146,carpenter,voo doo too,carpenter,61
147,dennis carriere,usa 535,carriere,63
148,meredith carroll,firefly,carroll,64
149,peter carroll,usa 1379,carroll,65
150,peter carroll,firefly,carroll,65
151,peter carroll,usa944,carroll,65
152,tom carruthers,elizabeth,carruthers,66
153,thomas carruthers,elizabeth,carruthers,66
154,jamie carter,usa 1224,carter,67
155,ted castle,hot chocolate,castle,68
156,sylvan chaix,georges iii,chaix,69
157,chambers,stern,chambers,70
158,henry chau,pied piper,chau,71
159,lanza chris,vertigo,chris,72
160,kasper christoffersen,gbr1187,christoffersen,73
161,chris clark,life is good,clark,74
162,clark,tsunami,clark,75
163,gregg clark,tsunami,clark,75
164,kers clausen,usa 820,clausen,76
165,kers clausen,usa 1234,clausen,76
166,kers claussen,one for the money,claussen,76
167,claussen,"usa  1234",claussen,76
168,claussen,usa 1234,claussen,76
169,kyle comerford,usa youth team blue  (corinthian),comerford,77
170,kyle comerford,usa youth team blue,comerford,77
171,andrew connell,mom can we keep her,connell,78
172,andrew connell,"""mom, can we keep her""",connell,78
173,sean cornell,usa youth team blue,cornell,79
174,sean cornell,usa youth team red,cornell,79
175,dan coughlin,usa 1349,coughlin,80
176,dan coughlin,resistance,coughlin,80
177,coughlin,resistance,coughlin,80
178,chuck coyer,phoenix,coyer,81
179,chuck coyer,soul ii,coyer,81
180,buddy cribb,victory,cribb,82
181,buddy cribb,victory **,cribb,82
182,buddy cribb,victory  (corinthian),cribb,82
183,"buddy  cribb",victory,cribb,82
184,jay cross,skanky gene,cross,83
185,rick crow,my wife is the best,crow,84
186,steve cucchiaro,usa 1198,cucchiaro,85
187,andrew cumming,blackadder ii,cumming,86
188,andrew cumming,blackadder ii **,cumming,86
189,andrew cumming,blackadder,cumming,86
190,cumming,vertigo,cumming,86
191,andrew cumming,vertigo,cumming,86
192,"andrew  cumming",macduff,cumming,87
193,andrew cumming,macduff,cumming,87
194,jim cunningham,lifted,cunningham,88
195,jim cunningham,sfyc,cunningham,88
196,jim cunningham,usa 1408,cunningham,88
197,jim cunningham,usa 1402,cunningham,88
198,jim cunningham,usa 1404,cunningham,88
199,dave cunningham,usa 1280,cunningham,89
200,dave curtis,hot chocolate,curtis,90
201,henrik dannesboe,something good,dannesboe,91
202,"bill  davis",alliance,davis,92
203,bill davis,alliance,davis,92
204,tom dawson,noname,dawson,93
205,henry demone,bella rena,demone,94
206,sebastian desantis,bubba,desantis,95
207,ward detweiler,usa 1225,detweiler,96
208,ward & fred detwiler,trader,detwiler,96
209,jeff dever,leading edge,dever,97
210,jeff dever,leading edge **,dever,97
211,jeff dever,leading edge  (corinthian),dever,97
212,"jeff  dever","leading  edge",dever,97
213,jeff devers,leading edge,devers,97
214,victor diaz,terrapin,diaz,98
215,dieball,usa 1372,dieball,99
216,skip dieball,usa 1372,dieball,99
217,shillingburg don,NA,don,327
218,john donnelly,athena,donnelly,101
219,john donnelly,athena **,donnelly,101
220,john donnelly,scylla,donnelly,101
221,luis doreste,tquila,doreste,102
222,william douglass,goombay smash,douglass,103
223,ethan doyle,cougar,doyle,104
224,robbie doyle,no time iv,doyle,105
225,"robbie  doyle","as  easy as Ì¦",doyle,105
226,robbie doyle,as easy as ‰Û_,doyle,105
227,drake,desparate,drake,106
228,drake,desperate,drake,106
229,drake,royal ocean racing club,drake,106
230,noel drennan,fresh guidance,drennan,107
231,noel drennan,usa 1265,drennan,107
232,dressell,usa 1300,dressell,108
233,mike dressell,usa 1300,dressell,108
234,m dressell,usa 1300,dressell,108
235,peter duncan,oatmeal,duncan,109
236,peter duncan,raging rooster,duncan,109
237,peter duncan,raging rooster **,duncan,109
238,peter duncan,mr. snatch,duncan,109
239,peter duncan,usa 1266,duncan,109
240,peter duncan,spot,duncan,109
241,wade edwards,riva,edwards,110
242,edwards,riva,edwards,110
243,bryon ehrhart,lucky,ehrhart,111
244,byron ehrhart,lucky,ehrhart,111
245,ehrhart,lucky,ehrhart,111
246,geoff eisele,usa 1259,eisele,112
247,geoff eisele,bling bling,eisele,112
248,geoff eisele,minerva,eisele,112
249,robert elliott,strait dealer,elliott,113
250,robert elliott,gbr 1379,elliott,113
251,robert elliott,bedrock,elliott,113
252,robert elliott,betrock,elliott,113
253,robert elliott,esprit,elliott,113
254,elliott,esprit,elliott,113
255,cordelia ellis,gbr 1075,ellis,114
256,ian evans,usa 1322,evans,115
257,ian evans,"""slacker, inc.""",evans,115
258,ian evans,hogzilla,evans,115
259,evans,hogzilla,evans,115
260,ian evans,trojan horse,evans,115
261,"ganson  evans","can  tab lounge",evans,116
262,ganson evans,can tab lounge,evans,116
263,jeff ever,usa 1090,ever,117
264,geoff ewenson,caramba,ewenson,118
265,michael farker,980,farker,119
266,bill fastiggi,usa 1309,fastiggi,120
267,william fink,whirlwind,fink,121
268,mark fleckenstein,zehn,fleckenstein,122
269,mark fleckenstein,zhen,fleckenstein,122
270,mark fleckenstein,apple knockers,fleckenstein,122
271,mark flekenstein,big apple knockers,flekenstein,122
272,mark flekenstein,apple knockers,flekenstein,122
273,hans fogh,landed emmigrant,fogh,123
274,hans fogh,landed immigrant,fogh,123
275,"sam  fortenbaugh",dominatrix,fortenbaugh,124
276,bill fortenberry,ten zero one,fortenberry,125
277,fox,usa 1220,fox,126
278,george francisco,american baby,francisco,127
279,george francisco,american baby  (corinthian),francisco,127
280,francisco,american baby,francisco,127
281,francisco,usa 1264,francisco,127
282,george francisco,usa 1264,francisco,127
283,g francisco,usa 1264,francisco,127
284,david franks,strait dealer usa,franks,128
285,david franks,strait dealer,franks,128
286,david franks,strait dealer 1431,franks,128
287,david franks,usa 1266,franks,128
288,david franks,hancock,franks,128
289,david franks,gbr 1409,franks,128
290,henry frazer,usa 102,frazer,129
291,michael frerker,brass monkey,frerker,130
292,michael frerker,chinese democracy,frerker,130
293,shaun frohlich,exabyte 7,frohlich,131
294,shawn frohlich,highlife,frohlich,131
295,shaun frohlich,bedrock,frohlich,131
296,shaun frohlich,hancock,frohlich,131
297,shaun frohlich,gelert,frohlich,131
298,jose fuentes,caramba,fuentes,200
299,jerry fulp,usa 1299,fulp,133
300,fulp,usa 1299,fulp,133
301,jerry fulp,usa-1299,fulp,133
302,jerry fulp,usa,fulp,133
303,phil garland,mahi mahi,garland,134
304,phil garland,dorado,garland,134
305,gilbert gary,NA,gary,135
306,michael gavin,clean execution,gavin,136
307,michael gavin,clear execation,gavin,136
308,michael gavin,usa 1305,gavin,136
309,michael gavin,usa 1167,gavin,136
310,chris gerards,ellipsis,gerards,137
311,andy giglia,double bag,giglia,138
312,gary gilbert,annie,gilbert,135
313,gary gilbert,annie  (corinthian),gilbert,135
314,gary gilbert,annnie,gilbert,135
315,gilbert,annie,gilbert,135
316,steve girling,lion heart,girling,140
317,girling,leading edge,girling,140
318,steve girling,carina,girling,140
319,steve girling,lionheart,girling,140
320,rob goddard,china wight  (corinthian),goddard,141
321,rob goddard,china wight,goddard,141
322,rob goddard,strait dealer,goddard,141
323,rob goddard,usa 1266,goddard,141
324,rob goddard,rodeo,goddard,141
325,michael goldfarb,warcanoe,goldfarb,142
326,michael goldfarb,war canoe,goldfarb,142
327,michael goldfarb,war canoe **,goldfarb,142
328,michael goldfarb,viento,goldfarb,142
329,michael goldfarb,usa 1363,goldfarb,142
330,michael goldfarb,1363,goldfarb,142
331,mike goldfarb,usa 1169,goldfarb,142
332,mike goldfarb,usa 1008,goldfarb,142
333,mike goldfarb,usa1008,goldfarb,142
334,bruce golison,midlife crisis,golison,143
335,golison,midlife crisis,golison,143
336,bruce golison,one and in,golison,143
337,bruce gollison,one and in,gollison,143
338,bischoff gordon,kgb,gordon,
339,colin gordon,kgb,gordon,145
340,gordon,kgb,gordon,
341,adam gosling,swedish blue,gosling,146
342,kevin grainger,gumption3,grainger,147
343,kevin grainger,gumption•À_,grainger,147
344,kevin grainger,gumption 3,grainger,147
345,kevin grainger,gumption,grainger,147
346,kevin grainger,gumptionå_,grainger,147
347,john greevean,contessa,greevean,148
348,john greeven,contessa,greeven,148
349,"john  greeven",contessa,greeven,148
350,hugh greville,hera,greville,149
351,hugh greville,hera  (corinthian),greville,149
352,richard grunsten,voodoo,grunsten,150
353,richard grunsten,cruel jane,grunsten,150
354,bora gulari,firing line,gulari,151
355,vasiyl gureyer,arctur,gureyer,152
356,vasyl gureyev,ukr 1297  (corinthian),gureyev,152
357,vasyl gureyev,ukr 1297,gureyev,152
358,vasyl gureyev,1297  (corinthian),gureyev,152
359,vasyl gureyev,1297,gureyev,152
360,vasyl gureyev,arctur,gureyev,152
361,peter hall,something good,hall,153
362,peter hall,something good  (corinthian),hall,153
363,jay hansen,cnq,hansen,154
364,ted hardenbergh,natasha,hardenbergh,155
365,ted hardenbergh,natasha  (corinthian),hardenbergh,155
366,bill hardesty,linehonors.com,hardesty,156
367,bill hardesty,lickety split,hardesty,156
368,bill hardesty,pegasus,hardesty,156
369,ray harrington,usa 1076,harrington,157
370,ray harrington,usa1076,harrington,157
371,lamont harris,squall,harris,158
372,roland van hazel,press gang,hazel,159
373,roland van hazel,press gang  (corinthian),hazel,159
374,stuart hebb,thin ice,hebb,160
375,"stuart  hebb","thin  ice",hebb,160
376,john heineman,usa 700,heineman,161
377,jeff heineman,usa 700,heineman,161
378,john hele,poona racing,hele,162
379,john hele,rebel rebel,hele,162
380,john hele,rebel,hele,162
381,john hele,ber 671,hele,162
382,john hele,renegade,hele,162
383,hele,usa 1199,hele,162
384,morten henriksen,rebel rebel,henriksen,163
385,rupert henry,cruel jane,henry,164
386,ralph hertz,encore,hertz,165
387,ralph hertz,revival,hertz,165
388,jamie hilton,mb iii,hilton,166
389,jamie hilton,usa 1225,hilton,166
390,jamie hilton,nameless,hilton,166
391,hing,strong iv usa youth team red,hing,167
392,robert hitchcock,proudest monkey,hitchcock,168
393,robert hitchcock,proudest monkey  (corinthian),hitchcock,168
394,robby hitchcock,riva,hitchcock,168
395,hitchcock,usa 1185,hitchcock,168
396,robert hitchcock,usa 1185,hitchcock,168
397,robert hitchcock,chemical imbalance,hitchcock,168
398,dick hodgeson,john deere,hodgeson,169
399,greg hodgkinson,NA,hodgkinson,170
400,hodgson,john deere,hodgson,171
401,d hodgson,john deere,hodgson,171
402,dick hodgson,john deere,hodgson,171
403,greg hodkinson,cool shivy,hodkinson,172
404,greg hodkinson,usa 1298,hodkinson,172
405,greg hodkinson,cruel jane,hodkinson,172
406,peter holmberg,provezza,holmberg,173
407,ed holt,eduardo especial,holt,174
408,tomas hornos,usa 1185,hornos,175
409,tomas hornos,1185,hornos,175
410,tomas hornos,usa 102,hornos,175
411,hornos,usa 102,hornos,175
412,zeke horowitz,usa 1090,horowitz,176
413,steve horowitz,widespread panic 2,horowitz,177
414,steve horowitz,widespread panic,horowitz,177
415,steve horwitz,widespread panic,horwitz,177
416,stephen horwitz,widespread panic,horwitz,177
417,steve horwitz,widespreadpanic 2,horwitz,177
418,steve horwtiz,widespread panic 2,horwtiz,177
419,tim hotchkiss,usa 1185,hotchkiss,178
420,tim hothkiss,usa 1185,hothkiss,178
421,aaron housten,lucky,housten,179
422,aaron housten,lucky  (corinthian),housten,179
423,a housten,usa 1280,housten,179
424,aaron housten,usa-1280,housten,179
425,aaron houston,glucklich,houston,179
426,james howells,china wight,howells,180
427,james howells,usa 1166,howells,180
428,james howells,gbr 1331,howells,180
429,james howells,gelert,howells,180
430,bruce huber,usa 1177,huber,181
431,james hudleston,hex,hudleston,182
432,tom hughes,wiki wiki ii,hughes,183
433,tom hughes,wiki wiki,hughes,183
434,jonah pruitt iii,jeremiah,iii,300
435,jonah iii,jeremiah,iii,300
436,huddleston james,something good,james,185
437,jeffrey jamison,great american,jamison,186
438,jeffrey jamison,great american  (corinthian),jamison,186
439,john jansheski,tbd,jansheski,187
440,john jansheski,usa 1306,jansheski,187
441,dever jeff,NA,jeff,97
442,nehms jeff,chica peligrosa,jeff,276
443,padnos jeff,NA,jeff,190
444,nehms jeff,NA,jeff,276
445,don jesberg,viva,jesberg,192
446,don jesberg,viva  (corinthian),jesberg,192
447,gary jobson,whirlwind,jobson,193
448,fred johnston,usa 1178,johnston,194
449,hugh jones,baugette,jones,195
450,ted jones,brazen hussy,jones,196
451,hugh jones,NA,jones,197
452,hugh jones,baguette,jones,197
453,joosten,moxie,joosten,198
454,fred joosten,moxie,joosten,198
455,jordan,strait dealer,jordan,199
456,jordan,1177,jordan,199
457,fuentes jose,caramba,jose,200
458,nye jothan,NA,jothan,201
459,philippe kahn,pegasus,kahn,202
460,rick kaiser,ninkasi,kaiser,203
461,rick kaiser,ninkasi  (corinthian),kaiser,203
462,rick kaiser,not ninkasi,kaiser,203
463,richard kaiser,ninkasi,kaiser,203
464,richard kaiser,ninkasi  (corinthian),kaiser,203
465,rick kaiser,nunkasi,kaiser,203
466,rick kaiser,julia,kaiser,203
467,rick kaiser,cyc,kaiser,203
468,"richard  kaiser",ninkasi,kaiser,203
469,"greg  kameika","quick  cat",kameika,204
470,greg kameika,quick cat,kameika,204
471,brian kamilar,blackadder,kamilar,205
472,brian kamilar,cougar,kamilar,205
473,scott kaufman,rebel,kaufman,206
474,scott kaufman,america jane 11,kaufman,206
475,scott kaufman,america jane ii,kaufman,206
476,pj keenan,trankeylo,keenan,207
477,p j keenan,trankeylo,keenan,207
478,pj keenan,buena onda,keenan,207
479,pj keenan,conkeystador,keenan,207
480,pj keenan,usa 1145,keenan,207
481,alan kelly,playmaker,kelly,208
482,alan kelly,playmaker  (corinthian),kelly,208
483,paul kelsey,gbr 937,kelsey,209
484,womack ken,flying colors,ken,210
485,womack ken,NA,ken,210
486,charles kenahan,mahalo,kenahan,337
487,richard ketchum,can't believe its not butter,ketchum,338
488,tim keyworth,usa 1100,keyworth,339
489,keyworth,saz,keyworth,339
490,kgbkinney,kgb,kgbkinney,
491,kidd,double trouble,kidd,340
492,martin kiely,blue skies,kiely,341
493,martin kiely,blue skies  (corinthian),kiely,341
494,ben kinney,kgb,kinney,342
495,ben kinney,kgb  (corinthian),kinney,342
496,kinney,kgb,kinney,342
497,b kinney,kgb,kinney,342
498,gretchen kinsey,voo doo too !!!,kinsey,343
499,michael kiss,eclipse,kiss,344
500,"michael  kiss",eclipse,kiss,344
501,kerry klingler,usa 1260,klingler,345
502,"dirk  kneullman","cruel  jane",kneullman,211
503,dirk kneullman,cruel jane,kneullman,211
504,dirk kneulman,tiburon,kneulman,211
505,dirk  kneulman,tiburon,kneulman,211
506,kneulman,tiburon,kneulman,211
507,dirk kneulman,cruel jane,kneulman,211
508,kneulman,cruel jane,kneulman,211
509,paul koeller,extra spicey,koeller,212
510,john kolius,usa 1044,kolius,213
511,ed kriese,shades,kriese,214
512,ed kriese,volition,kriese,214
513,winkelmann kurt,1224,kurt,373
514,alex lacy,tinker,lacy,216
515,todd lalumiere,marge,lalumiere,217
516,todd lalumiere,indefinately,lalumiere,217
517,matt-todd lalumiere,indefinately,lalumiere,217
518,todd lalumiere,exception,lalumiere,217
519,todd lalumiere,usa 1103,lalumiere,217
520,todd lalumiere,indefinitely,lalumiere,217
521,todd lalumiere,black boat,lalumiere,217
522,todd lalumiere,usa 598,lalumiere,217
523,hank lammens,cool jane,lammens,218
524,hank lammons,cruel jane,lammons,218
525,jim lampman,usa 1300,lampman,219
526,christopher lanza,vertigo,lanza,72
527,christopher lanza,vertigo **,lanza,72
528,chris lanza,vertigo,lanza,72
529,chris lanza,vice,lanza,72
530,chris lanza,NA,lanza,72
531,chris larson,fresh guidance,larson,221
532,tim law,fresh guidance,law,222
533,luke lawrence,1225,lawrence,223
534,luke lawrence,usa 1185,lawrence,223
535,andrew lawson,no dramas,lawson,224
536,lorne leibel,cruel jane,leibel,225
537,allan leibel,rain,leibel,226
538,allan leibel,rain  (corinthian),leibel,226
539,tom lihan,1225,lihan,227
540,thomas lihan,1225,lihan,227
541,thomas lihan,usa 1225,lihan,227
542,tom lihan,usa 1225,lihan,227
543,lihan,usa 1225,lihan,227
544,tom lihan,matecumbe,lihan,227
545,stephen line,usa 1266,line,228
546,jeff linton,usa 1300,linton,229
547,jeffrey littell,usa 1229,littell,230
548,keith longson,wizard,longson,231
549,reed lorimer,usa youth team blue,lorimer,232
550,reed lorimer,usa youth team red,lorimer,232
551,phil lotz,arethusa,lotz,233
552,phul lotz,usa 1376,lotz,233
553,mark luckes,usa 575,luckes,234
554,mark luckes,perezoso,luckes,234
555,luckes,perezoso,luckes,234
556,byron marchant,e dec,marchant,235
557,byron marchant,esprit de corps,marchant,235
558,ben marden,leverage,marden,236
559,beckmann marvin,NA,marvin,237
560,anatole masfen,feng shui,masfen,238
561,matt,indefinately,matt,239
562,tam matthews,skanky jane,matthews,240
563,chester maudslay,gbr937,maudslay,241
564,bill mauk,somethind good,mauk,242
565,bill mauk,somethind good  (corinthian),mauk,242
566,bill mauk,something good,mauk,242
567,mauk,something good,mauk,242
568,bill mauk,rhumb line,mauk,242
569,donald maxwell,pyrate,maxwell,243
570,donald maxwell,"""the """"d""""""",maxwell,243
571,donald maxwell,"the ""d""",maxwell,243
572,donald maxwell,pirate,maxwell,243
573,donald maxwell,bondi,maxwell,243
574,aubrey mayer,usa 1199,mayer,244
575,jack mccarthy,patriot games,mccarthy,245
576,jon mcclean,aretas,mcclean,246
577,seamus mchugh,tquila,mchugh,247
578,seamus mchugh,no dramas,mchugh,247
579,james mchugh,no dramas,mchugh,248
580,james mchugh,anam chara,mchugh,248
581,tim mckegney,usa 1300,mckegney,249
582,reid mclaughlin,make mine a double,mclaughlin,250
583,terry mclaughlin,skanky gene,mclaughlin,251
584,paul mclaughlin,panache,mclaughlin,252
585,paul mclaughlin,usa 1061,mclaughlin,252
586,lawrence mead,freelance,mead,253
587,chris medland,shanghaied,medland,254
588,medland,shanghaied,medland,254
589,connor meedham,mad martha,meedham,255
590,mark mendlebatt,gumption3,mendlebatt,256
591,craig mense,freedom,mense,257
592,craig mense,freedom  (corinthian),mense,257
593,craig mense,usa 1280,mense,257
594,craig mense,usa 1280  (corinthian),mense,257
595,richard merriweather,take 2,merriweather,258
596,gavin michael,usa 1305,michael,136
597,justin miller,riva,miller,260
598,jay mills,usa 1199,mills,261
599,mills,usa 1185,mills,262
600,william mills,usa 199,mills,261
601,chris morgan,usa 1300,morgan,263
602,michael morley,usa youth team white,morley,264
603,michael morley,resolute/ useyt,morley,264
604,david morrell,1094,morrell,265
605,david morrell,voodoo lounge,morrell,265
606,cuyler morris,3 amigos,morris,266
607,morrison,mojo,morrison,267
608,glenn morrison,mojo,morrison,267
609,guy mossman,usa 12,mossman,268
610,eben moulton,black sheep,moulton,269
611,anson mulder,usa 1239,mulder,270
612,jan muysken,african queen,muysken,271
613,terry naglan,hat trick,naglan,272
614,terry naylon,hat trick,naylon,272
615,terry naylor,hat trick,naylor,272
616,mike nccann,lone star,nccann,273
617,connor needham,usa youth team red,needham,274
618,connor needham,us youth team,needham,274
619,connor needham,bad martha,needham,274
620,connor needham,bad martha  (corinthian),needham,274
621,neff,scimitar,neff,275
622,stewart neff,scimitar,neff,275
623,stuart neff,scimitar,neff,275
624,jeff nehms,nemesis,nehms,276
625,jeff nehms,nemesis  (corinthian),nehms,276
626,jeff nehms,nemesis **,nehms,276
627,jeff nehms,chica peligrosa,nehms,276
628,jeff nehms,peligrosa,nehms,276
629,jeff nehms,NA,nehms,276
630,jeff nehms,usa 1307,nehms,276
631,jeff nehms,perezoso,nehms,276
632,jeff nehms,x pipe dream,nehms,276
633,shane o'neill,usa-928,neill,277
634,martin o'neill,ten sixty five,neill,278
635,jim nichols,usa 1203,nichols,279
636,jonathin nye,usa 1212,nye,201
637,jonathan nye,carina,nye,201
638,jonothan nye,carina,nye,201
639,"jonathan  nye",carina,nye,201
640,malcolm offord,the plant hunter,offord,281
641,harald orneberg,irrational exuberance,orneberg,282
642,"harald  orneberg","irrational  exuberance",orneberg,282
643,"hal  ostrom",tzvecl,ostrom,283
644,hal ostrom,tzvecl,ostrom,283
645,adrian owles,lion heart,owles,284
646,jeff padnos,mr. wilson,padnos,190
647,padnos,"mr.  wilson",padnos,190
648,justin palm,untouchable,palm,286
649,barry parkin,usa 1424,parkin,287
650,barry parkin,usa 1424 **,parkin,287
651,barry parkin,gbr 1424,parkin,287
652,stadel pat,crapshoot,pat,288
653,stadel pat,NA,pat,288
654,james patton,usa 1095,patton,289
655,art perez,alliance,perez,290
656,hall peter,cruel jane,peter,153
657,scott piper,trankeylo,piper,292
658,scott piper,pipe dream xvi,piper,292
659,tom piper,pied piper,piper,293
660,scott piper,pipe dream 12,piper,293
661,"scott  piper","pipe  dream 12",piper,293
662,"tom  piper","pied  piper",piper,292
663,tom piper,pipe line,piper,292
664,randall pittman,ruffian,pittman,294
665,keen pj,NA,pj,207
666,john podmajersky,usa 1310,podmajersky,296
667,john podmajersky,1310,podmajersky,296
668,chuck poindexter,usa 1341,poindexter,297
669,chuck poindexter,hootchie kootchie,poindexter,297
670,ernest pomerleau,usa 1300,pomerleau,298
671,ernest pomerleau,usa1300,pomerleau,298
672,ernest pomerleau,usa 1300 **,pomerleau,298
673,ernie pomerleau,usa 1300,pomerleau,298
674,pomerleau,usa 1300,pomerleau,298
675,ched proctor,something good,proctor,299
676,ched proctor,somethind good **,proctor,299
677,ched proctor,somethind good,proctor,299
678,ched proctor,bumpy ride,proctor,299
679,jonah pruitt,jeremiah,pruitt,300
680,jonah pruitt,jeremiah **,pruitt,300
681,jonah pruitt,jeremiah  (corinthian),pruitt,300
682,david pryor,hat trick,pryor,301
683,david pryor,hat trick  (corinthian),pryor,301
684,david pyles,usa 1310,pyles,302
685,enrique quintero,blackadder,quintero,303
686,enrique quintero,blackadder **,quintero,303
687,tony rae,1225,rae,304
688,tony rae,oatmeal,rae,304
689,hertz ralph,NA,ralph,265
690,carpenter ralph,NA,ralph,61
691,ante razmilovic,swedish blue,razmilovic,306
692,ante razmilovic,swedish blue  (corinthian),razmilovic,306
693,razmilovic,swedish blue,razmilovic,306
694,ante & nils razmilovic,swedish blue,razmilovic,306
695,nils razmilovic,enda lima shamba,razmilovic,306
696,"ante  razmilovic","swedish  blue",razmilovic,306
697,nils razmilovic,mtu moja na umbwa yake,razmilovic,306
698,ante razmilovich,swedish blue,razmilovich,306
699,ken read,usa 1262,read,307
700,andre reese,proudest monkey,reese,308
701,tony rey,efyra iii,rey,309
702,tony rey,efyra 3,rey,309
703,kirk reynolds,usa 1076,reynolds,310
704,ricketson,usa 1248å_,ricketson,311
705,ricketson,usa 1248,ricketson,311
706,wray robert,NA,robert,312
707,bob robinson,serendipity,robinson,313
708,peter rodgers,usa 1266,rodgers,314
709,peter rogers,highlife,rogers,314
710,peter rogers,usa 1266,rogers,314
711,peter rogers,rodeo,rogers,314
712,yandell rogers,baby doll,rogers,314
713,thompson ron,gbr 1302,ron,317
714,gary ross,lone star,ross,316
715,ron ross,resolute,ross,317
716,stefano sabbadini,swedish blue,sabbadini,318
717,robert schaefer,vessal,schaefer,319
718,robert schleshinger,stern to,schleshinger,320
719,doug schneibner,trixie blue,schneibner,321
720,schneibner,trixie blue,schneibner,322
721,peter schumaker,usa 1225,schumaker,323
722,piper scott,NA,scott,293
723,john shanahan,usa 1087,shanahan,325
724,john shanahan,usa 1087  (corinthian),shanahan,325
725,john shannahan,shoutaway,shannahan,325
726,john shannahan,usa 1087,shannahan,325
727,bourke sharon,john deere,sharon,36
728,shillingburg,usa 1096,shillingburg,327
729,don shillingburg,moment,shillingburg,327
730,shumaker,mary ann,shumaker,328
731,peter shumaker,mary ann,shumaker,328
732,peter shumaker,usa 1225,shumaker,328
733,skip shumway,usa 1326,shumway,329
734,richard sidell,hokule'a,sidell,330
735,jeffrey siegal,usa 1296,siegal,331
736,jeffrey m. siegal,usa 1296,siegal,331
737,jeffrey siegal,usa1296,siegal,331
738,russ silvester,leverage,silvester,332
739,russ silvestre,ec 1279,silvestre,332
740,russ silvestri,leverage,silvestri,332
741,russ silvestrie,ec 1279,silvestrie,332
742,sistronk,"double  trouble",sistronk,333
743,paul sistronk,double trouble,sistronk,333
744,frank slootman,invisible hand,slootman,334
745,dave smalley,tithonus,smalley,335
746,smalley,"usa  1209",smalley,335
747,dave smalley,usa 1209,smalley,335
748,lawrie smith,ellamber,smith,336
749,lawrie smith,alfie,smith,336
750,smith,aging rockstar,smith,
751,jud smith,whirlwind,smith,337
752,smith,cruel jane,smith,
753,smith,can 1381,smith,
754,jud smith,cindarlinsa story,smith,337
755,jordan smith,thunderbolt,smith,338
756,jud smith,usa 1061,smith,337
757,judd smith,usa 1061,smith,337
758,jud smith,sail #63,smith,337
759,jud smith,usa 63,smith,337
760,jud smith,usa 62,smith,337
761,jud smith,twelve twenty -one,smith,337
762,smith,"twelve  twenty -one",smith,
763,john sommi,1208,sommi,338
764,henry spingler,usa 1094,spingler,339
765,henry spingler,john deere,spingler,339
766,patricia stadel,crapshoot  (corinthian),stadel,288
767,patricia stadel,crapshoot,stadel,288
768,pat stadel,crapshoot,stadel,288
769,stadel,crapshoot,stadel,288
770,patricia stadel,triskaidekaphobia,stadel,288
771,patricia stadel,b/witchcraft,stadel,288
772,patricia stadel,witchcraft,stadel,288
773,"patricia  stadel","usa  1061",stadel,288
774,patricia stadel,usa 1061,stadel,288
775,nicholas stagg,china wight,stagg,341
776,nick stagg,china wight,stagg,341
777,dick steffen,uhu,steffen,342
778,russel steiner,third rock,steiner,343
779,mark steinmetz,woody,steinmetz,344
780,mark steinmetz,usa 186,steinmetz,344
781,horowitz steve,NA,steve,177
782,robert stevens,can 63,stevens,345
783,r stevens,"""can """"63""""""",stevens,345
784,stevens,"""can """"63""""""",stevens,345
785,j.d. stone,cool bean,stone,346
786,oscar strugstad,dawn raid,strugstad,347
787,peter sulick,lakota,sulick,348
788,sulick,warhorse,sulick,348
789,peter sulick,warhorse,sulick,348
790,peter sulick,irrational exuberance,sulick,348
791,paul sustronk,3 blind mice,sustronk,349
792,paul sustronk,3 blind mice  (corinthian),sustronk,349
793,paul sustronk,double trouble,sustronk,349
794,paul sustrunk,tiburon,sustrunk,349
795,russ sylvestri,usa 1225,sylvestri,350
796,mark teborek,resolute,teborek,351
797,allan terhune,usa 1153,terhune,352
798,allan terhune,junkyard dog,terhune,352
799,jerry thomason,usa 1229,thomason,353
800,ron thompson,blue duck,thompson,315
801,ron thompson,gbr 1302,thompson,315
802,ron thompson,swedish blue,thompson,315
803,ron thompson,gbr 1014,thompson,315
804,thompson,usa 1229,thompson,353
805,jeremy thorp,phan,thorp,355
806,michael till,festina,till,356
807,edward tillinghast,dark n'stormy,tillinghast,357
808,edward tillinghast,dark n'stormy  (corinthian),tillinghast,357
809,jervis tilly,bushfire,tilly,358
810,todd,indefinitely,todd,217
811,lalumiere todd,black boat,todd,217
812,dawson tom,life is good,tom,93
813,mike toppa,buzzard,toppa,359
814,mark toso,crapshoot,toso,360
815,toso,hat trick,toso,360
816,mark toso,hat trick,toso,360
817,m toso,hat trick,toso,360
818,mark toso,usa 1328,toso,360
819,john ulbrich,champagne iii,ulbrich,361
820,john ulbrich,champagne ii,ulbrich,361
821,john ulbrich,champagne lin,ulbrich,361
822,"john  ulbrich","champagne  ii",ulbrich,361
823,maurcio verdier,morena linda,verdier,362
824,mauricio verdier,morena linda,verdier,362
825,mauricio verdier,can 1284,verdier,362
826,peter vessella,mahalaga,vessella,363
827,peter vessella,mahalaga   (corinthian),vessella,363
828,peter vessella,mahalaja,vessella,363
829,mark watson,tiburon,watson,364
830,watson,tiburon,watson,364
831,m watson,cruel jane,watson,364
832,phil weherheim,usa 12,weherheim,365
833,flip wehrheim,usa 12,wehrheim,365
834,phil wehrheim,usa 12,wehrheim,365
835,s weil,ice-nine,weil,366
836,jerry wendt,southern etchells,wendt,367
837,jerry wendt,southern etchells   (corinthian),wendt,367
838,jerry wendt,jrw one design,wendt,367
839,jerry wendt,can 993,wendt,367
840,jerry wendt,jrwonedesign,wendt,367
841,jerry wendt,can 968,wendt,367
842,phil wherheim,usa 12,wherheim,368
843,white,usa 1299,white,369
844,randy white,usa 1299,white,369
845,randy white,shrink wrapped,white,369
846,keith whittemore,blonde antelope,whittemore,369
847,roger wickens,wicked one,wickens,370
848,roger wickens,moonlight,wickens,370
849,ben wilkinson,usa youth team red  (corinthian),wilkinson,371
850,ben wilkinson,usa youth team red,wilkinson,371
851,simon williams,fresh guidance ii,williams,372
852,simon williams,fresh guidance iii,williams,372
853,simon williams,usa 1198,williams,372
854,simon williams,fresh guidance,williams,372
855,kurt winkelmann,usa 1224,winkelmann,373
856,ken womack,usa 1371,womack,374
857,ken womack,flying colors,womack,374
858,robert wray,sting wray,wray,375
859,robert wray,stingwray,wray,375
860,erik yeo,1264,yeo,376
861,erik yeo,can 1264,yeo,376
862,scott young,american baby,young,377
863,tony young,sagara,young,378
864,donald young,perezoso,young,379
865,rusty bodden & tim yourieff,dirty laundry,yourieff,380
866,michael zankel,powwow,zankel,381
867,NA,morena linda,NA,
868,NA,gumption3,NA,
869,NA,raging rooster,NA,
870,NA,alfie,NA,
871,NA,la tormenta,NA,
872,NA,swedish blue  (corinthian),NA,
873,NA,skanky gene,NA,
874,NA,1363,NA,
875,NA,strait dealer,NA,
876,NA,blackadder,NA,
877,NA,press gang,NA,
878,NA,clean execution,NA,
879,NA,gbr 1424,NA,
880,NA,tiburon,NA,
881,NA,usa 1371,NA,
882,NA,freedom,NA,
883,NA,wizard,NA,
884,NA,highlife,NA,
885,NA,southern etchells,NA,
886,NA,nemesis  (corinthian),NA,
887,NA,jeremiah  (corinthian),NA,
888,NA,china wight,NA,
889,NA,crapshoot  (corinthian),NA,
890,NA,swedish blue,NA,
891,NA,nemesis,NA,
892,NA,jeremiah,NA,
893,NA,crapshoot,NA,
894,NA,viva,NA,
895,NA,usa 1375,NA,
896,NA,usa1300,NA,
897,NA,usa 1310,NA,
898,NA,rain,NA,
899,NA,usa 1264,NA,